"year","month","day","mean_PM","median_PM","n","date","monthdate"
2012,1,1,112.5,112.5,6,2012-01-01,2018-01-01
2012,1,2,47.6666666666667,43,6,2012-01-02,2018-01-02
2012,1,3,74,56,6,2012-01-03,2018-01-03
2012,1,4,73.6666666666667,71.5,6,2012-01-04,2018-01-04
2012,1,5,53,53,5,2012-01-05,2018-01-05
2012,1,6,43.3333333333333,43,6,2012-01-06,2018-01-06
2012,1,7,41.8333333333333,43,6,2012-01-07,2018-01-07
2012,1,8,26.1666666666667,26,6,2012-01-08,2018-01-08
2012,1,9,48.1666666666667,50,6,2012-01-09,2018-01-09
2012,1,10,87.8333333333333,87.5,6,2012-01-10,2018-01-10
2012,1,11,139.333333333333,136.5,6,2012-01-11,2018-01-11
2012,1,12,48.5,44.5,6,2012-01-12,2018-01-12
2012,1,13,81.3333333333333,83,6,2012-01-13,2018-01-13
2012,1,14,68.5,74,6,2012-01-14,2018-01-14
2012,1,15,34.1666666666667,28.5,6,2012-01-15,2018-01-15
2012,1,16,24.8333333333333,25.5,6,2012-01-16,2018-01-16
2012,1,17,29,29,6,2012-01-17,2018-01-17
2012,1,18,33.3333333333333,30.5,6,2012-01-18,2018-01-18
2012,1,19,118.666666666667,115.5,6,2012-01-19,2018-01-19
2012,1,20,130.666666666667,132.5,6,2012-01-20,2018-01-20
2012,1,21,62.3333333333333,61.5,6,2012-01-21,2018-01-21
2012,1,22,31.5,26.5,6,2012-01-22,2018-01-22
2012,1,23,66.3333333333333,57.5,6,2012-01-23,2018-01-23
2012,1,24,63.6666666666667,62,6,2012-01-24,2018-01-24
2012,1,25,125.666666666667,126.5,6,2012-01-25,2018-01-25
2012,1,26,42.5,44,6,2012-01-26,2018-01-26
2012,1,27,54.1666666666667,56.5,6,2012-01-27,2018-01-27
2012,1,28,39.6666666666667,35,6,2012-01-28,2018-01-28
2012,1,29,31.6666666666667,24,6,2012-01-29,2018-01-29
2012,1,30,57.8333333333333,54.5,6,2012-01-30,2018-01-30
2012,1,31,74.6666666666667,70,6,2012-01-31,2018-01-31
2012,2,1,61.1666666666667,70.5,6,2012-02-01,2018-02-01
2012,2,2,28,29,5,2012-02-02,2018-02-02
2012,2,3,40.5,39,6,2012-02-03,2018-02-03
2012,2,4,40.3333333333333,39.5,6,2012-02-04,2018-02-04
2012,2,5,61.5,62,6,2012-02-05,2018-02-05
2012,2,6,45,31.5,6,2012-02-06,2018-02-06
2012,2,7,75.8333333333333,45,6,2012-02-07,2018-02-07
2012,2,8,44.6666666666667,42,6,2012-02-08,2018-02-08
2012,2,9,74.3333333333333,75,6,2012-02-09,2018-02-09
2012,2,10,68.3333333333333,61.5,6,2012-02-10,2018-02-10
2012,2,11,101.666666666667,102.5,6,2012-02-11,2018-02-11
2012,2,12,25.1666666666667,22,6,2012-02-12,2018-02-12
2012,2,13,82.1666666666667,79.5,6,2012-02-13,2018-02-13
2012,2,14,87.1666666666667,82.5,6,2012-02-14,2018-02-14
2012,2,15,34.6666666666667,36,6,2012-02-15,2018-02-15
2012,2,16,23,23,6,2012-02-16,2018-02-16
2012,2,17,56.1666666666667,62,6,2012-02-17,2018-02-17
2012,2,18,37.6666666666667,38,6,2012-02-18,2018-02-18
2012,2,19,54.6666666666667,49.5,6,2012-02-19,2018-02-19
2012,2,20,58.1666666666667,61.5,6,2012-02-20,2018-02-20
2012,2,21,75.3333333333333,49,6,2012-02-21,2018-02-21
2012,2,22,39.8333333333333,33,6,2012-02-22,2018-02-22
2012,2,23,81.5,70,6,2012-02-23,2018-02-23
2012,2,24,72,72,6,2012-02-24,2018-02-24
2012,2,25,42.6666666666667,40.5,6,2012-02-25,2018-02-25
2012,2,26,23.1666666666667,23,6,2012-02-26,2018-02-26
2012,2,27,26.3333333333333,26,6,2012-02-27,2018-02-27
2012,2,28,25.1666666666667,26,6,2012-02-28,2018-02-28
2012,2,29,33,32,6,2012-02-29,
2012,3,1,79.8333333333333,75,6,2012-03-01,2018-03-01
2012,3,2,93.8333333333333,117,6,2012-03-02,2018-03-02
2012,3,3,64.3333333333333,65,6,2012-03-03,2018-03-03
2012,3,4,66.8333333333333,63.5,6,2012-03-04,2018-03-04
2012,3,5,78,73.5,6,2012-03-05,2018-03-05
2012,3,6,183.5,199.5,6,2012-03-06,2018-03-06
2012,3,7,129.666666666667,106,6,2012-03-07,2018-03-07
2012,3,8,50,44.5,6,2012-03-08,2018-03-08
2012,3,9,28,27,6,2012-03-09,2018-03-09
2012,3,10,41,32.5,6,2012-03-10,2018-03-10
2012,3,11,98,90.5,6,2012-03-11,2018-03-11
2012,3,12,25.6666666666667,22.5,6,2012-03-12,2018-03-12
2012,3,13,34.3333333333333,31,6,2012-03-13,2018-03-13
2012,3,14,30.8333333333333,30,6,2012-03-14,2018-03-14
2012,3,15,51,51,6,2012-03-15,2018-03-15
2012,3,16,56.3333333333333,52.5,6,2012-03-16,2018-03-16
2012,3,17,125.833333333333,126,6,2012-03-17,2018-03-17
2012,3,18,95.1666666666667,101.5,6,2012-03-18,2018-03-18
2012,3,19,44.3333333333333,37,6,2012-03-19,2018-03-19
2012,3,20,29,21.5,6,2012-03-20,2018-03-20
2012,3,21,38.5,39,6,2012-03-21,2018-03-21
2012,3,22,47,43.5,6,2012-03-22,2018-03-22
2012,3,23,62,40.5,6,2012-03-23,2018-03-23
2012,3,24,61.3333333333333,54,6,2012-03-24,2018-03-24
2012,3,25,73.8333333333333,67,6,2012-03-25,2018-03-25
2012,3,26,49.1666666666667,50.5,6,2012-03-26,2018-03-26
2012,3,27,77,69,6,2012-03-27,2018-03-27
2012,3,28,85.6666666666667,88.5,6,2012-03-28,2018-03-28
2012,3,29,56.5,51,6,2012-03-29,2018-03-29
2012,3,30,78,69.5,6,2012-03-30,2018-03-30
2012,3,31,59,63,6,2012-03-31,2018-03-31
2012,4,1,68.3333333333333,64.5,6,2012-04-01,2018-04-01
2012,4,2,49.8333333333333,45,6,2012-04-02,2018-04-02
2012,4,3,69,55.5,6,2012-04-03,2018-04-03
2012,4,4,79.6666666666667,78,6,2012-04-04,2018-04-04
2012,4,5,75.6666666666667,84,6,2012-04-05,2018-04-05
2012,4,6,47.3333333333333,48,6,2012-04-06,2018-04-06
2012,4,7,35.3333333333333,34.5,6,2012-04-07,2018-04-07
2012,4,8,57.3333333333333,55.5,6,2012-04-08,2018-04-08
2012,4,9,30,30,6,2012-04-09,2018-04-09
2012,4,10,50.8333333333333,51,6,2012-04-10,2018-04-10
2012,4,11,68.6666666666667,51.5,6,2012-04-11,2018-04-11
2012,4,12,42,44.5,6,2012-04-12,2018-04-12
2012,4,13,45.5,43.5,6,2012-04-13,2018-04-13
2012,4,14,77.6666666666667,77,6,2012-04-14,2018-04-14
2012,4,15,50.3333333333333,51.5,6,2012-04-15,2018-04-15
2012,4,16,70.5,69.5,6,2012-04-16,2018-04-16
2012,4,17,81,64,3,2012-04-17,2018-04-17
2012,4,20,69,69,1,2012-04-20,2018-04-20
2012,4,21,64.3333333333333,64,6,2012-04-21,2018-04-21
2012,4,22,65.6666666666667,60.5,6,2012-04-22,2018-04-22
2012,4,23,59,59,6,2012-04-23,2018-04-23
2012,4,24,42.6666666666667,44,6,2012-04-24,2018-04-24
2012,4,25,51.1666666666667,39.5,6,2012-04-25,2018-04-25
2012,4,26,65.5,66,6,2012-04-26,2018-04-26
2012,4,27,56.3333333333333,56.5,6,2012-04-27,2018-04-27
2012,4,28,33,31,6,2012-04-28,2018-04-28
2012,4,29,33,28,6,2012-04-29,2018-04-29
2012,4,30,33.5,32,6,2012-04-30,2018-04-30
2012,5,1,43.6666666666667,37.5,6,2012-05-01,2018-05-01
2012,5,2,64,55,6,2012-05-02,2018-05-02
2012,5,3,87.6666666666667,85,6,2012-05-03,2018-05-03
2012,5,4,150,137,3,2012-05-04,2018-05-04
2012,5,8,56.3333333333333,60,3,2012-05-08,2018-05-08
2012,5,9,29.8,32,5,2012-05-09,2018-05-09
2012,5,10,48.6666666666667,47,6,2012-05-10,2018-05-10
2012,5,11,71.6666666666667,69,6,2012-05-11,2018-05-11
2012,5,12,60.8333333333333,61,6,2012-05-12,2018-05-12
2012,5,13,38,37,6,2012-05-13,2018-05-13
2012,5,14,59.6,64,5,2012-05-14,2018-05-14
2012,5,15,112.166666666667,115,6,2012-05-15,2018-05-15
2012,5,16,106.166666666667,102.5,6,2012-05-16,2018-05-16
2012,5,17,64.3333333333333,58.5,6,2012-05-17,2018-05-17
2012,5,18,65.1666666666667,65,6,2012-05-18,2018-05-18
2012,5,19,50.6666666666667,51.5,6,2012-05-19,2018-05-19
2012,5,20,25.1666666666667,21.5,6,2012-05-20,2018-05-20
2012,5,21,46.1666666666667,42.5,6,2012-05-21,2018-05-21
2012,5,22,35,31,5,2012-05-22,2018-05-22
2012,5,23,44,41.5,6,2012-05-23,2018-05-23
2012,5,24,38.8333333333333,43,6,2012-05-24,2018-05-24
2012,5,25,30.5,32,6,2012-05-25,2018-05-25
2012,5,26,40.6666666666667,39.5,6,2012-05-26,2018-05-26
2012,5,27,65.1666666666667,63.5,6,2012-05-27,2018-05-27
2012,5,28,54.2,52,5,2012-05-28,2018-05-28
2012,5,29,55,55.5,6,2012-05-29,2018-05-29
2012,5,30,20.6666666666667,19,6,2012-05-30,2018-05-30
2012,5,31,27.8333333333333,28,6,2012-05-31,2018-05-31
2012,6,1,47.8333333333333,44,6,2012-06-01,2018-06-01
2012,6,2,33.6,36,5,2012-06-02,2018-06-02
2012,6,3,40.1666666666667,38,6,2012-06-03,2018-06-03
2012,6,4,36.2,37,5,2012-06-04,2018-06-04
2012,6,5,14.6666666666667,14,6,2012-06-05,2018-06-05
2012,6,6,23.1666666666667,24,6,2012-06-06,2018-06-06
2012,6,7,52.3333333333333,42,6,2012-06-07,2018-06-07
2012,6,8,109.333333333333,94.5,6,2012-06-08,2018-06-08
2012,6,9,129.333333333333,116.5,6,2012-06-09,2018-06-09
2012,6,10,109.166666666667,101.5,6,2012-06-10,2018-06-10
2012,6,11,54.6666666666667,49,6,2012-06-11,2018-06-11
2012,6,12,59.6666666666667,55,6,2012-06-12,2018-06-12
2012,6,13,59.3333333333333,63,6,2012-06-13,2018-06-13
2012,6,14,37.5,35.5,6,2012-06-14,2018-06-14
2012,6,15,20.6666666666667,19,6,2012-06-15,2018-06-15
2012,6,16,24,25,6,2012-06-16,2018-06-16
2012,6,17,23.8333333333333,27,6,2012-06-17,2018-06-17
2012,6,18,15.1666666666667,12.5,6,2012-06-18,2018-06-18
2012,6,19,20,23,6,2012-06-19,2018-06-19
2012,6,20,15.6666666666667,12,6,2012-06-20,2018-06-20
2012,6,21,22,19,6,2012-06-21,2018-06-21
2012,6,22,28.6,30,5,2012-06-22,2018-06-22
2012,6,23,8.2,7,5,2012-06-23,2018-06-23
2012,6,24,69.8333333333333,74,6,2012-06-24,2018-06-24
2012,6,25,48.8333333333333,35,6,2012-06-25,2018-06-25
2012,6,26,15.5,12.5,6,2012-06-26,2018-06-26
2012,6,27,13.3333333333333,7.5,6,2012-06-27,2018-06-27
2012,6,28,27.3333333333333,24,6,2012-06-28,2018-06-28
2012,6,29,11,10.5,6,2012-06-29,2018-06-29
2012,6,30,45,31,6,2012-06-30,2018-06-30
2012,7,1,55.1666666666667,55.5,6,2012-07-01,2018-07-01
2012,7,2,31.6666666666667,29.5,6,2012-07-02,2018-07-02
2012,7,3,33,23.5,6,2012-07-03,2018-07-03
2012,7,4,45.1666666666667,56.5,6,2012-07-04,2018-07-04
2012,7,5,19.8333333333333,21,6,2012-07-05,2018-07-05
2012,7,6,37.3333333333333,36.5,6,2012-07-06,2018-07-06
2012,7,7,29.6666666666667,21.5,6,2012-07-07,2018-07-07
2012,7,8,36.6666666666667,36,6,2012-07-08,2018-07-08
2012,7,9,47.8333333333333,43.5,6,2012-07-09,2018-07-09
2012,7,10,42.1666666666667,41.5,6,2012-07-10,2018-07-10
2012,7,11,46.8333333333333,45.5,6,2012-07-11,2018-07-11
2012,7,12,64.3333333333333,59,6,2012-07-12,2018-07-12
2012,7,13,40.3333333333333,40,6,2012-07-13,2018-07-13
2012,7,14,40.3333333333333,47.5,6,2012-07-14,2018-07-14
2012,7,15,33.6666666666667,30.5,6,2012-07-15,2018-07-15
2012,7,16,23.5,24.5,6,2012-07-16,2018-07-16
2012,7,17,15.6666666666667,12,6,2012-07-17,2018-07-17
2012,7,18,41,39,6,2012-07-18,2018-07-18
2012,7,19,73.5,74,6,2012-07-19,2018-07-19
2012,7,20,36.1666666666667,32,6,2012-07-20,2018-07-20
2012,7,21,6,5,5,2012-07-21,2018-07-21
2012,7,22,5.16666666666667,5.5,6,2012-07-22,2018-07-22
2012,7,23,5.2,4,5,2012-07-23,2018-07-23
2012,7,24,3.2,3,5,2012-07-24,2018-07-24
2012,7,25,4,4,4,2012-07-25,2018-07-25
2012,7,26,3.2,1,5,2012-07-26,2018-07-26
2012,7,27,2,2,5,2012-07-27,2018-07-27
2012,7,28,6.66666666666667,5,6,2012-07-28,2018-07-28
2012,7,29,7.6,4,5,2012-07-29,2018-07-29
2012,7,30,5.33333333333333,3.5,6,2012-07-30,2018-07-30
2012,7,31,3.66666666666667,3,6,2012-07-31,2018-07-31
2012,8,1,12.6666666666667,7,6,2012-08-01,2018-08-01
2012,8,2,12.8333333333333,15,6,2012-08-02,2018-08-02
2012,8,3,7,6,5,2012-08-03,2018-08-03
2012,8,4,5.6,2,5,2012-08-04,2018-08-04
2012,8,5,10,9,6,2012-08-05,2018-08-05
2012,8,6,14.8333333333333,16,6,2012-08-06,2018-08-06
2012,8,7,10.4,9,5,2012-08-07,2018-08-07
2012,8,8,5,3.5,6,2012-08-08,2018-08-08
2012,8,9,24,26,6,2012-08-09,2018-08-09
2012,8,10,24,23.5,6,2012-08-10,2018-08-10
2012,8,11,28.6666666666667,30,6,2012-08-11,2018-08-11
2012,8,12,36.3333333333333,38,6,2012-08-12,2018-08-12
2012,8,13,40,44,6,2012-08-13,2018-08-13
2012,8,14,31.4,32,5,2012-08-14,2018-08-14
2012,8,15,27.8333333333333,25,6,2012-08-15,2018-08-15
2012,8,16,2.8,2,5,2012-08-16,2018-08-16
2012,8,17,6.2,7,5,2012-08-17,2018-08-17
2012,8,18,7.16666666666667,7.5,6,2012-08-18,2018-08-18
2012,8,19,16.8333333333333,17.5,6,2012-08-19,2018-08-19
2012,8,20,30.3333333333333,32.5,6,2012-08-20,2018-08-20
2012,8,21,8.33333333333333,5,6,2012-08-21,2018-08-21
2012,8,22,12.6666666666667,12,6,2012-08-22,2018-08-22
2012,8,23,10.5,9,6,2012-08-23,2018-08-23
2012,8,24,13.2,9,5,2012-08-24,2018-08-24
2012,8,25,7.66666666666667,6.5,6,2012-08-25,2018-08-25
2012,8,26,5.83333333333333,4.5,6,2012-08-26,2018-08-26
2012,8,27,10.1666666666667,8,6,2012-08-27,2018-08-27
2012,8,28,26.1666666666667,26.5,6,2012-08-28,2018-08-28
2012,8,29,41.3333333333333,41,6,2012-08-29,2018-08-29
2012,8,30,17.6666666666667,19.5,6,2012-08-30,2018-08-30
2012,8,31,11.8,10,5,2012-08-31,2018-08-31
2012,9,1,19.1666666666667,19.5,6,2012-09-01,2018-09-01
2012,9,2,14.5,13,6,2012-09-02,2018-09-02
2012,9,3,28.6,24,5,2012-09-03,2018-09-03
2012,9,4,55.1666666666667,58.5,6,2012-09-04,2018-09-04
2012,9,5,47.3333333333333,39.5,6,2012-09-05,2018-09-05
2012,9,6,14.3333333333333,14.5,6,2012-09-06,2018-09-06
2012,9,7,18.1666666666667,18.5,6,2012-09-07,2018-09-07
2012,9,8,36.1666666666667,37.5,6,2012-09-08,2018-09-08
2012,9,9,24.6666666666667,24.5,6,2012-09-09,2018-09-09
2012,9,10,16.1666666666667,13.5,6,2012-09-10,2018-09-10
2012,9,11,34.6666666666667,33,6,2012-09-11,2018-09-11
2012,9,12,62.8333333333333,62.5,6,2012-09-12,2018-09-12
2012,9,13,80.1666666666667,80.5,6,2012-09-13,2018-09-13
2012,9,14,62.1666666666667,71,6,2012-09-14,2018-09-14
2012,9,15,22.3333333333333,20.5,6,2012-09-15,2018-09-15
2012,9,16,22.6666666666667,19.5,6,2012-09-16,2018-09-16
2012,9,17,50,54.5,6,2012-09-17,2018-09-17
2012,9,18,80.5,76.5,6,2012-09-18,2018-09-18
2012,9,19,125.833333333333,126,6,2012-09-19,2018-09-19
2012,9,20,120.333333333333,110.5,6,2012-09-20,2018-09-20
2012,9,21,105.333333333333,105,6,2012-09-21,2018-09-21
2012,9,22,50.8333333333333,52.5,6,2012-09-22,2018-09-22
2012,9,23,42.8333333333333,44,6,2012-09-23,2018-09-23
2012,9,24,33.3333333333333,33,6,2012-09-24,2018-09-24
2012,9,25,30.4,30,5,2012-09-25,2018-09-25
2012,9,26,19.6666666666667,22,3,2012-09-26,2018-09-26
2012,9,27,22.1666666666667,22,6,2012-09-27,2018-09-27
2012,9,28,30.6666666666667,25.5,6,2012-09-28,2018-09-28
2012,9,29,36.3333333333333,34.5,6,2012-09-29,2018-09-29
2012,9,30,45.3333333333333,33,6,2012-09-30,2018-09-30
2012,10,1,56.5,56,6,2012-10-01,2018-10-01
2012,10,2,58.1666666666667,60,6,2012-10-02,2018-10-02
2012,10,3,50.1666666666667,50,6,2012-10-03,2018-10-03
2012,10,4,50.3333333333333,54.5,6,2012-10-04,2018-10-04
2012,10,5,102.166666666667,95,6,2012-10-05,2018-10-05
2012,10,6,143,153,6,2012-10-06,2018-10-06
2012,10,7,39.5,39,6,2012-10-07,2018-10-07
2012,10,8,24,26,6,2012-10-08,2018-10-08
2012,10,9,29,30,5,2012-10-09,2018-10-09
2012,10,10,54.1666666666667,41.5,6,2012-10-10,2018-10-10
2012,10,11,19.6666666666667,19,6,2012-10-11,2018-10-11
2012,10,12,15.5,16,6,2012-10-12,2018-10-12
2012,10,13,24.1666666666667,24.5,6,2012-10-13,2018-10-13
2012,10,14,27.5,25.5,6,2012-10-14,2018-10-14
2012,10,15,32.3333333333333,26.5,6,2012-10-15,2018-10-15
2012,10,16,21.8333333333333,22.5,6,2012-10-16,2018-10-16
2012,10,17,55.1666666666667,39.5,6,2012-10-17,2018-10-17
2012,10,18,35.6666666666667,35,6,2012-10-18,2018-10-18
2012,10,19,30.1666666666667,30.5,6,2012-10-19,2018-10-19
2012,10,20,38.6666666666667,30.5,6,2012-10-20,2018-10-20
2012,10,21,33,30.5,6,2012-10-21,2018-10-21
2012,10,22,78.1666666666667,60.5,6,2012-10-22,2018-10-22
2012,10,23,81.8333333333333,78.5,6,2012-10-23,2018-10-23
2012,10,24,37.1666666666667,37,6,2012-10-24,2018-10-24
2012,10,25,43.8333333333333,44,6,2012-10-25,2018-10-25
2012,10,26,38.2,38,5,2012-10-26,2018-10-26
2012,10,27,91.4,72,5,2012-10-27,2018-10-27
2012,10,28,214.666666666667,210,6,2012-10-28,2018-10-28
2012,10,29,92.5,87.5,6,2012-10-29,2018-10-29
2012,10,30,43.8333333333333,38,6,2012-10-30,2018-10-30
2012,10,31,68.8333333333333,69,6,2012-10-31,2018-10-31
2012,11,1,109.333333333333,133,6,2012-11-01,2018-11-01
2012,11,2,29.6666666666667,31,6,2012-11-02,2018-11-02
2012,11,3,26.5,27,6,2012-11-03,2018-11-03
2012,11,4,55.1666666666667,50,6,2012-11-04,2018-11-04
2012,11,5,60.8333333333333,59,6,2012-11-05,2018-11-05
2012,11,6,120.5,123,6,2012-11-06,2018-11-06
2012,11,7,165.5,160,6,2012-11-07,2018-11-07
2012,11,8,103.333333333333,90.5,6,2012-11-08,2018-11-08
2012,11,9,34.5,33,6,2012-11-09,2018-11-09
2012,11,10,30.75,23,4,2012-11-10,2018-11-10
2012,11,11,51.6666666666667,45,3,2012-11-11,2018-11-11
2012,11,12,55.5,52.5,6,2012-11-12,2018-11-12
2012,11,13,88.8333333333333,88.5,6,2012-11-13,2018-11-13
2012,11,14,98.2,99,5,2012-11-14,2018-11-14
2012,11,15,36.8333333333333,39.5,6,2012-11-15,2018-11-15
2012,11,16,55.3333333333333,40,6,2012-11-16,2018-11-16
2012,11,17,136.333333333333,141.5,6,2012-11-17,2018-11-17
2012,11,18,93.1666666666667,103.5,6,2012-11-18,2018-11-18
2012,11,19,132,127,6,2012-11-19,2018-11-19
2012,11,20,31.1666666666667,31,6,2012-11-20,2018-11-20
2012,11,21,20.3333333333333,20.5,6,2012-11-21,2018-11-21
2012,11,22,23,22.5,6,2012-11-22,2018-11-22
2012,11,23,42.3333333333333,40,6,2012-11-23,2018-11-23
2012,11,24,50.5,54,6,2012-11-24,2018-11-24
2012,11,25,48.3333333333333,48,6,2012-11-25,2018-11-25
2012,11,26,95.6666666666667,108.5,6,2012-11-26,2018-11-26
2012,11,27,119.5,119.5,6,2012-11-27,2018-11-27
2012,11,28,82.8333333333333,73,6,2012-11-28,2018-11-28
2012,11,29,67.3333333333333,50.5,6,2012-11-29,2018-11-29
2012,11,30,26.3333333333333,27,6,2012-11-30,2018-11-30
2012,12,1,31.5,29.5,6,2012-12-01,2018-12-01
2012,12,2,20.5,20.5,6,2012-12-02,2018-12-02
2012,12,3,72.8333333333333,66,6,2012-12-03,2018-12-03
2012,12,4,78.6666666666667,82.5,6,2012-12-04,2018-12-04
2012,12,5,63.6,49,5,2012-12-05,2018-12-05
2012,12,6,53.5,53,6,2012-12-06,2018-12-06
2012,12,7,77.6666666666667,88.5,6,2012-12-07,2018-12-07
2012,12,8,161,154.5,6,2012-12-08,2018-12-08
2012,12,9,85.1666666666667,79.5,6,2012-12-09,2018-12-09
2012,12,10,68.6666666666667,66,6,2012-12-10,2018-12-10
2012,12,11,36.1666666666667,34.5,6,2012-12-11,2018-12-11
2012,12,12,49,47.5,6,2012-12-12,2018-12-12
2012,12,13,30.3333333333333,29.5,6,2012-12-13,2018-12-13
2012,12,14,81.5,67.5,6,2012-12-14,2018-12-14
2012,12,15,98.8333333333333,106,6,2012-12-15,2018-12-15
2012,12,16,63.5,64.5,6,2012-12-16,2018-12-16
2012,12,17,72.1666666666667,71,6,2012-12-17,2018-12-17
2012,12,18,57.1666666666667,59,6,2012-12-18,2018-12-18
2012,12,19,46.6666666666667,48,6,2012-12-19,2018-12-19
2012,12,20,28.5,28,6,2012-12-20,2018-12-20
2012,12,21,65.5,72,6,2012-12-21,2018-12-21
2012,12,22,62.8333333333333,54.5,6,2012-12-22,2018-12-22
2012,12,23,100.833333333333,103,6,2012-12-23,2018-12-23
2012,12,24,117.5,115.5,6,2012-12-24,2018-12-24
2012,12,25,82.6666666666667,83.5,6,2012-12-25,2018-12-25
2012,12,26,32.8333333333333,27,6,2012-12-26,2018-12-26
2012,12,27,17.6666666666667,18,6,2012-12-27,2018-12-27
2012,12,28,48.6666666666667,47.5,6,2012-12-28,2018-12-28
2012,12,29,56.1666666666667,51.5,6,2012-12-29,2018-12-29
2012,12,30,74.8333333333333,72.5,6,2012-12-30,2018-12-30
2012,12,31,65.6666666666667,67.5,6,2012-12-31,2018-12-31
2013,1,1,77.3333333333333,75,6,2013-01-01,2018-01-01
2013,1,2,63.3333333333333,57.5,6,2013-01-02,2018-01-02
2013,1,3,44.6666666666667,50,6,2013-01-03,2018-01-03
2013,1,4,49.3333333333333,46.5,6,2013-01-04,2018-01-04
2013,1,5,55.1666666666667,53,6,2013-01-05,2018-01-05
2013,1,6,82.8333333333333,75,6,2013-01-06,2018-01-06
2013,1,7,135.833333333333,131,6,2013-01-07,2018-01-07
2013,1,8,128.5,124.5,6,2013-01-08,2018-01-08
2013,1,9,106.6,90,5,2013-01-09,2018-01-09
2013,1,10,59.8333333333333,56.5,6,2013-01-10,2018-01-10
2013,1,11,46.5,44.5,6,2013-01-11,2018-01-11
2013,1,12,158.166666666667,177,6,2013-01-12,2018-01-12
2013,1,13,66.3333333333333,44.5,6,2013-01-13,2018-01-13
2013,1,14,136.666666666667,134.5,6,2013-01-14,2018-01-14
2013,1,15,102.333333333333,97,6,2013-01-15,2018-01-15
2013,1,16,205.666666666667,224.5,6,2013-01-16,2018-01-16
2013,1,17,67.6,61,5,2013-01-17,2018-01-17
2013,1,18,111.166666666667,107.5,6,2013-01-18,2018-01-18
2013,1,19,87.5,89.5,4,2013-01-19,2018-01-19
2013,1,20,39.5,36.5,6,2013-01-20,2018-01-20
2013,1,21,112,97,6,2013-01-21,2018-01-21
2013,1,22,119.166666666667,120,6,2013-01-22,2018-01-22
2013,1,23,166,171,6,2013-01-23,2018-01-23
2013,1,24,210.166666666667,213,6,2013-01-24,2018-01-24
2013,1,25,195.666666666667,195,6,2013-01-25,2018-01-25
2013,1,26,145.833333333333,148,6,2013-01-26,2018-01-26
2013,1,27,39,39,5,2013-01-27,2018-01-27
2013,1,28,50.3333333333333,49,6,2013-01-28,2018-01-28
2013,1,29,89.8333333333333,55,6,2013-01-29,2018-01-29
2013,1,30,175.333333333333,203,6,2013-01-30,2018-01-30
2013,1,31,36.4,35,5,2013-01-31,2018-01-31
2013,2,1,82.5,81.5,6,2013-02-01,2018-02-01
2013,2,2,66.1666666666667,46.5,6,2013-02-02,2018-02-02
2013,2,3,22.5,21,6,2013-02-03,2018-02-03
2013,2,4,61,46,6,2013-02-04,2018-02-04
2013,2,5,42,42,6,2013-02-05,2018-02-05
2013,2,6,62.1666666666667,55,6,2013-02-06,2018-02-06
2013,2,7,71,68.5,6,2013-02-07,2018-02-07
2013,2,8,27.8333333333333,27,6,2013-02-08,2018-02-08
2013,2,9,47.3333333333333,32,6,2013-02-09,2018-02-09
2013,2,10,195.166666666667,139,6,2013-02-10,2018-02-10
2013,2,11,59.5,62,6,2013-02-11,2018-02-11
2013,2,12,43.3333333333333,37,6,2013-02-12,2018-02-12
2013,2,13,92.3333333333333,87.5,6,2013-02-13,2018-02-13
2013,2,14,153.666666666667,65.5,6,2013-02-14,2018-02-14
2013,2,15,69.6666666666667,54,6,2013-02-15,2018-02-15
2013,2,16,51.5,38.5,6,2013-02-16,2018-02-16
2013,2,17,41.5,36,6,2013-02-17,2018-02-17
2013,2,18,49.3333333333333,28,6,2013-02-18,2018-02-18
2013,2,19,21,20,6,2013-02-19,2018-02-19
2013,2,20,56.1666666666667,53,6,2013-02-20,2018-02-20
2013,2,21,64.5,63,6,2013-02-21,2018-02-21
2013,2,22,82.6666666666667,81.5,6,2013-02-22,2018-02-22
2013,2,23,160.666666666667,159,6,2013-02-23,2018-02-23
2013,2,24,100.333333333333,84,6,2013-02-24,2018-02-24
2013,2,25,30.6666666666667,26.5,6,2013-02-25,2018-02-25
2013,2,26,47.5,41,6,2013-02-26,2018-02-26
2013,2,27,40.3333333333333,44,6,2013-02-27,2018-02-27
2013,2,28,56.6666666666667,54.5,6,2013-02-28,2018-02-28
2013,3,1,58.6666666666667,45.5,6,2013-03-01,2018-03-01
2013,3,2,26,27,6,2013-03-02,2018-03-02
2013,3,3,60.6666666666667,67,6,2013-03-03,2018-03-03
2013,3,4,119.166666666667,113,6,2013-03-04,2018-03-04
2013,3,5,144.833333333333,151.5,6,2013-03-05,2018-03-05
2013,3,6,81,77,6,2013-03-06,2018-03-06
2013,3,7,137,133.5,6,2013-03-07,2018-03-07
2013,3,8,150.666666666667,152,6,2013-03-08,2018-03-08
2013,3,9,116.5,117.5,6,2013-03-09,2018-03-09
2013,3,10,56.8333333333333,35.5,6,2013-03-10,2018-03-10
2013,3,11,27.3333333333333,30.5,6,2013-03-11,2018-03-11
2013,3,12,45.6666666666667,50,6,2013-03-12,2018-03-12
2013,3,13,56.3333333333333,43.5,6,2013-03-13,2018-03-13
2013,3,14,31.3333333333333,32,6,2013-03-14,2018-03-14
2013,3,15,38.1666666666667,35.5,6,2013-03-15,2018-03-15
2013,3,16,50,47,6,2013-03-16,2018-03-16
2013,3,17,58.8333333333333,44.5,6,2013-03-17,2018-03-17
2013,3,18,64.8333333333333,59.5,6,2013-03-18,2018-03-18
2013,3,19,91.3333333333333,88.5,6,2013-03-19,2018-03-19
2013,3,20,70,62,6,2013-03-20,2018-03-20
2013,3,21,27.6666666666667,27,6,2013-03-21,2018-03-21
2013,3,22,76.3333333333333,69,6,2013-03-22,2018-03-22
2013,3,23,66.3333333333333,65,6,2013-03-23,2018-03-23
2013,3,24,72.6666666666667,72.5,6,2013-03-24,2018-03-24
2013,3,25,38.1666666666667,33.5,6,2013-03-25,2018-03-25
2013,3,26,20.1666666666667,19.5,6,2013-03-26,2018-03-26
2013,3,27,58.6666666666667,58,6,2013-03-27,2018-03-27
2013,3,28,82.8333333333333,84.5,6,2013-03-28,2018-03-28
2013,3,29,49.8333333333333,39.5,6,2013-03-29,2018-03-29
2013,3,30,27,23,6,2013-03-30,2018-03-30
2013,3,31,38.5,38,6,2013-03-31,2018-03-31
2013,4,1,55,51,6,2013-04-01,2018-04-01
2013,4,2,62.8333333333333,59,6,2013-04-02,2018-04-02
2013,4,3,43.3333333333333,43,6,2013-04-03,2018-04-03
2013,4,4,35.1666666666667,31,6,2013-04-04,2018-04-04
2013,4,5,30.1666666666667,30.5,6,2013-04-05,2018-04-05
2013,4,6,44.6666666666667,49.5,6,2013-04-06,2018-04-06
2013,4,7,66.5,62,6,2013-04-07,2018-04-07
2013,4,8,72,71.5,6,2013-04-08,2018-04-08
2013,4,9,57.1666666666667,54,6,2013-04-09,2018-04-09
2013,4,10,51.1666666666667,52.5,6,2013-04-10,2018-04-10
2013,4,11,77.8333333333333,78.5,6,2013-04-11,2018-04-11
2013,4,12,94.5,88.5,6,2013-04-12,2018-04-12
2013,4,13,78.1666666666667,76,6,2013-04-13,2018-04-13
2013,4,14,61.8333333333333,61,6,2013-04-14,2018-04-14
2013,4,15,86.3333333333333,90.5,6,2013-04-15,2018-04-15
2013,4,16,50.6666666666667,48.5,6,2013-04-16,2018-04-16
2013,4,17,99.1666666666667,93,6,2013-04-17,2018-04-17
2013,4,18,81.6666666666667,71,6,2013-04-18,2018-04-18
2013,4,19,28.5,28.5,6,2013-04-19,2018-04-19
2013,4,20,28.6666666666667,27,6,2013-04-20,2018-04-20
2013,4,21,58.5,57.5,6,2013-04-21,2018-04-21
2013,4,22,48,48,5,2013-04-22,2018-04-22
2013,4,23,83.6666666666667,86,6,2013-04-23,2018-04-23
2013,4,24,97,88.5,6,2013-04-24,2018-04-24
2013,4,25,101.333333333333,92,6,2013-04-25,2018-04-25
2013,4,26,49.5,49,6,2013-04-26,2018-04-26
2013,4,27,43.5,43.5,6,2013-04-27,2018-04-27
2013,4,28,37.6666666666667,37,6,2013-04-28,2018-04-28
2013,4,29,85.6666666666667,69,6,2013-04-29,2018-04-29
2013,4,30,36.6,30,5,2013-04-30,2018-04-30
2013,5,1,35.5,32,6,2013-05-01,2018-05-01
2013,5,2,38.1666666666667,35,6,2013-05-02,2018-05-02
2013,5,3,39.3333333333333,41,6,2013-05-03,2018-05-03
2013,5,4,41.5,41.5,6,2013-05-04,2018-05-04
2013,5,5,51,47.5,6,2013-05-05,2018-05-05
2013,5,6,53.5,55,6,2013-05-06,2018-05-06
2013,5,7,50.6666666666667,50,6,2013-05-07,2018-05-07
2013,5,8,35,36,6,2013-05-08,2018-05-08
2013,5,9,45.5,46,6,2013-05-09,2018-05-09
2013,5,10,118.333333333333,118,6,2013-05-10,2018-05-10
2013,5,11,128.5,127.5,6,2013-05-11,2018-05-11
2013,5,12,93.6666666666667,83,6,2013-05-12,2018-05-12
2013,5,13,57.25,59.5,4,2013-05-13,2018-05-13
2013,5,14,42.5,39.5,6,2013-05-14,2018-05-14
2013,5,15,25.5,26.5,6,2013-05-15,2018-05-15
2013,5,16,19.3333333333333,19.5,6,2013-05-16,2018-05-16
2013,5,17,25.6666666666667,25,6,2013-05-17,2018-05-17
2013,5,18,46,39,6,2013-05-18,2018-05-18
2013,5,19,88.8333333333333,93.5,6,2013-05-19,2018-05-19
2013,5,20,96.3333333333333,93,6,2013-05-20,2018-05-20
2013,5,21,82.5,86,6,2013-05-21,2018-05-21
2013,5,22,47.3333333333333,36.5,6,2013-05-22,2018-05-22
2013,5,23,34.5,35,6,2013-05-23,2018-05-23
2013,5,24,46.5,42,6,2013-05-24,2018-05-24
2013,5,25,27.1666666666667,24,6,2013-05-25,2018-05-25
2013,5,26,34.3333333333333,32,6,2013-05-26,2018-05-26
2013,5,27,23.3333333333333,27.5,6,2013-05-27,2018-05-27
2013,5,28,57.5,44,6,2013-05-28,2018-05-28
2013,5,29,87.8333333333333,84,6,2013-05-29,2018-05-29
2013,5,30,31.5,23,6,2013-05-30,2018-05-30
2013,5,31,36.6666666666667,30,6,2013-05-31,2018-05-31
2013,6,1,77.6666666666667,72,6,2013-06-01,2018-06-01
2013,6,2,37.1666666666667,31,6,2013-06-02,2018-06-02
2013,6,3,54.8333333333333,58,6,2013-06-03,2018-06-03
2013,6,4,26.3333333333333,25,6,2013-06-04,2018-06-04
2013,6,5,17,16,6,2013-06-05,2018-06-05
2013,6,6,16,17,6,2013-06-06,2018-06-06
2013,6,7,11.5,13.5,6,2013-06-07,2018-06-07
2013,6,8,27.5,27.5,6,2013-06-08,2018-06-08
2013,6,9,39.5,40.5,6,2013-06-09,2018-06-09
2013,6,10,33,31.5,6,2013-06-10,2018-06-10
2013,6,11,118.666666666667,103.5,6,2013-06-11,2018-06-11
2013,6,12,111.166666666667,106,6,2013-06-12,2018-06-12
2013,6,13,60.3333333333333,62.5,6,2013-06-13,2018-06-13
2013,6,14,28.1666666666667,23,6,2013-06-14,2018-06-14
2013,6,15,23.5,24,6,2013-06-15,2018-06-15
2013,6,16,46,39,6,2013-06-16,2018-06-16
2013,6,17,55.3333333333333,57,6,2013-06-17,2018-06-17
2013,6,18,56.5,51.5,6,2013-06-18,2018-06-18
2013,6,19,74.1666666666667,68.5,6,2013-06-19,2018-06-19
2013,6,20,62.6666666666667,65.5,6,2013-06-20,2018-06-20
2013,6,21,38.1666666666667,39.5,6,2013-06-21,2018-06-21
2013,6,22,49,49.5,6,2013-06-22,2018-06-22
2013,6,23,62,62.5,6,2013-06-23,2018-06-23
2013,6,24,47,44.5,6,2013-06-24,2018-06-24
2013,6,25,37,40,6,2013-06-25,2018-06-25
2013,6,26,19.8,20,5,2013-06-26,2018-06-26
2013,6,27,9.66666666666667,8,6,2013-06-27,2018-06-27
2013,6,28,12.6666666666667,10.5,6,2013-06-28,2018-06-28
2013,6,29,25.5,26.5,6,2013-06-29,2018-06-29
2013,6,30,49.3333333333333,40,3,2013-06-30,2018-06-30
2013,7,1,74.25,75.5,4,2013-07-01,2018-07-01
2013,7,2,43.5,43.5,6,2013-07-02,2018-07-02
2013,7,3,31.5,28.5,6,2013-07-03,2018-07-03
2013,7,4,31.2,33,5,2013-07-04,2018-07-04
2013,7,5,30,28,6,2013-07-05,2018-07-05
2013,7,6,35.5,30.5,6,2013-07-06,2018-07-06
2013,7,7,35.5,35,6,2013-07-07,2018-07-07
2013,7,8,32.8333333333333,29.5,6,2013-07-08,2018-07-08
2013,7,9,37.1666666666667,32,6,2013-07-09,2018-07-09
2013,7,10,35.3333333333333,34.5,6,2013-07-10,2018-07-10
2013,7,11,37,35.5,6,2013-07-11,2018-07-11
2013,7,12,14.3333333333333,13,6,2013-07-12,2018-07-12
2013,7,13,6.8,8,5,2013-07-13,2018-07-13
2013,7,14,9.8,8,5,2013-07-14,2018-07-14
2013,7,15,14.5,12.5,6,2013-07-15,2018-07-15
2013,7,16,15,14.5,6,2013-07-16,2018-07-16
2013,7,17,18.6666666666667,15.5,6,2013-07-17,2018-07-17
2013,7,18,11,9.5,6,2013-07-18,2018-07-18
2013,7,19,16.75,19,4,2013-07-19,2018-07-19
2013,7,20,29.2,34,5,2013-07-20,2018-07-20
2013,7,21,34.2,34,5,2013-07-21,2018-07-21
2013,7,22,23.8333333333333,25.5,6,2013-07-22,2018-07-22
2013,7,23,31.5,28,6,2013-07-23,2018-07-23
2013,7,24,36.8333333333333,35.5,6,2013-07-24,2018-07-24
2013,7,25,44,43,6,2013-07-25,2018-07-25
2013,7,26,56.8,55,5,2013-07-26,2018-07-26
2013,7,27,78.6,86,5,2013-07-27,2018-07-27
2013,7,28,41.5,35,6,2013-07-28,2018-07-28
2013,7,29,39.6666666666667,36.5,6,2013-07-29,2018-07-29
2013,7,30,32.8333333333333,30.5,6,2013-07-30,2018-07-30
2013,7,31,35.6666666666667,35.5,6,2013-07-31,2018-07-31
2013,8,1,26.5,28.5,6,2013-08-01,2018-08-01
2013,8,2,16,15.5,6,2013-08-02,2018-08-02
2013,8,3,16,16,5,2013-08-03,2018-08-03
2013,8,4,22.1666666666667,22,6,2013-08-04,2018-08-04
2013,8,5,39.3333333333333,35.5,6,2013-08-05,2018-08-05
2013,8,6,40.6666666666667,39,6,2013-08-06,2018-08-06
2013,8,7,61.3333333333333,61.5,6,2013-08-07,2018-08-07
2013,8,8,53,50,6,2013-08-08,2018-08-08
2013,8,9,71.5,66,6,2013-08-09,2018-08-09
2013,8,10,44.3333333333333,42.5,6,2013-08-10,2018-08-10
2013,8,11,49.3333333333333,48.5,6,2013-08-11,2018-08-11
2013,8,12,12.8333333333333,12.5,6,2013-08-12,2018-08-12
2013,8,13,9.33333333333333,8,6,2013-08-13,2018-08-13
2013,8,14,8.33333333333333,8.5,6,2013-08-14,2018-08-14
2013,8,15,10.3333333333333,10.5,6,2013-08-15,2018-08-15
2013,8,16,12.3333333333333,12,6,2013-08-16,2018-08-16
2013,8,17,15.6666666666667,10,6,2013-08-17,2018-08-17
2013,8,18,19,19,4,2013-08-18,2018-08-18
2013,8,19,5.75,5.5,4,2013-08-19,2018-08-19
2013,8,20,6.83333333333333,6.5,6,2013-08-20,2018-08-20
2013,8,21,9.33333333333333,9.5,6,2013-08-21,2018-08-21
2013,8,22,9.66666666666667,10.5,6,2013-08-22,2018-08-22
2013,8,23,12.3333333333333,11,6,2013-08-23,2018-08-23
2013,8,24,26,28,6,2013-08-24,2018-08-24
2013,8,25,35.5,36.5,6,2013-08-25,2018-08-25
2013,8,26,27.3333333333333,27.5,6,2013-08-26,2018-08-26
2013,8,27,22.8333333333333,23,6,2013-08-27,2018-08-27
2013,8,28,23.5,21.5,6,2013-08-28,2018-08-28
2013,8,29,28.8333333333333,25.5,6,2013-08-29,2018-08-29
2013,8,30,54.5,56.5,4,2013-08-30,2018-08-30
2013,8,31,19.25,17,4,2013-08-31,2018-08-31
2013,9,3,35.75,35,4,2013-09-03,2018-09-03
2013,9,4,18.6666666666667,19.5,6,2013-09-04,2018-09-04
2013,9,5,24,22,6,2013-09-05,2018-09-05
2013,9,6,26.1666666666667,25,6,2013-09-06,2018-09-06
2013,9,7,38.8333333333333,41,6,2013-09-07,2018-09-07
2013,9,8,21.5,13.5,6,2013-09-08,2018-09-08
2013,9,9,34.5,31,6,2013-09-09,2018-09-09
2013,9,10,41.1666666666667,44,6,2013-09-10,2018-09-10
2013,9,11,35.6666666666667,35.5,6,2013-09-11,2018-09-11
2013,9,12,19.1666666666667,17.5,6,2013-09-12,2018-09-12
2013,9,13,28.1666666666667,27,6,2013-09-13,2018-09-13
2013,9,14,33.1666666666667,31.5,6,2013-09-14,2018-09-14
2013,9,15,35,35,6,2013-09-15,2018-09-15
2013,9,16,39.5,33.5,6,2013-09-16,2018-09-16
2013,9,17,13.3333333333333,13,6,2013-09-17,2018-09-17
2013,9,18,14.5,14.5,6,2013-09-18,2018-09-18
2013,9,19,20,18.5,6,2013-09-19,2018-09-19
2013,9,20,20.8333333333333,20.5,6,2013-09-20,2018-09-20
2013,9,21,20,20,6,2013-09-21,2018-09-21
2013,9,22,22.3333333333333,22,6,2013-09-22,2018-09-22
2013,9,23,9.5,10,6,2013-09-23,2018-09-23
2013,9,24,25.1666666666667,23,6,2013-09-24,2018-09-24
2013,9,25,10.5,12,6,2013-09-25,2018-09-25
2013,9,26,24.8333333333333,19.5,6,2013-09-26,2018-09-26
2013,9,27,18.6666666666667,19,6,2013-09-27,2018-09-27
2013,9,28,46,38,6,2013-09-28,2018-09-28
2013,9,29,68.5,67,6,2013-09-29,2018-09-29
2013,9,30,24,22,6,2013-09-30,2018-09-30
2013,10,1,33.8333333333333,33,6,2013-10-01,2018-10-01
2013,10,2,50.6666666666667,44.5,6,2013-10-02,2018-10-02
2013,10,3,12.6666666666667,13,6,2013-10-03,2018-10-03
2013,10,4,17,18.5,6,2013-10-04,2018-10-04
2013,10,5,29.5,31.5,6,2013-10-05,2018-10-05
2013,10,6,18.1666666666667,18.5,6,2013-10-06,2018-10-06
2013,10,7,12.3333333333333,11,6,2013-10-07,2018-10-07
2013,10,8,9.83333333333333,9.5,6,2013-10-08,2018-10-08
2013,10,9,35,34,6,2013-10-09,2018-10-09
2013,10,10,49.6666666666667,40.5,6,2013-10-10,2018-10-10
2013,10,11,89.1666666666667,88,6,2013-10-11,2018-10-11
2013,10,12,22.3333333333333,20,6,2013-10-12,2018-10-12
2013,10,13,25.8333333333333,25.5,6,2013-10-13,2018-10-13
2013,10,14,26.8333333333333,26,6,2013-10-14,2018-10-14
2013,10,15,24.1666666666667,23.5,6,2013-10-15,2018-10-15
2013,10,16,25.3333333333333,26.5,6,2013-10-16,2018-10-16
2013,10,17,25.1666666666667,28.5,6,2013-10-17,2018-10-17
2013,10,18,20.5,19.5,6,2013-10-18,2018-10-18
2013,10,19,25.1666666666667,22,6,2013-10-19,2018-10-19
2013,10,20,50.5,37.5,6,2013-10-20,2018-10-20
2013,10,21,57.3333333333333,53,6,2013-10-21,2018-10-21
2013,10,22,52.1666666666667,48.5,6,2013-10-22,2018-10-22
2013,10,23,41.3333333333333,39,6,2013-10-23,2018-10-23
2013,10,24,55.3333333333333,39.5,6,2013-10-24,2018-10-24
2013,10,25,38.8333333333333,37.5,6,2013-10-25,2018-10-25
2013,10,26,53.1666666666667,49,6,2013-10-26,2018-10-26
2013,10,27,39.6666666666667,38.5,6,2013-10-27,2018-10-27
2013,10,28,36.8333333333333,33,6,2013-10-28,2018-10-28
2013,10,29,42.3333333333333,44.5,6,2013-10-29,2018-10-29
2013,10,30,44.1666666666667,40,6,2013-10-30,2018-10-30
2013,10,31,42.3333333333333,41.5,6,2013-10-31,2018-10-31
2013,11,1,35.8333333333333,33.5,6,2013-11-01,2018-11-01
2013,11,2,52.8333333333333,55,6,2013-11-02,2018-11-02
2013,11,3,86.5,81.5,6,2013-11-03,2018-11-03
2013,11,4,51,37.5,6,2013-11-04,2018-11-04
2013,11,5,45,41,6,2013-11-05,2018-11-05
2013,11,6,113.333333333333,123,6,2013-11-06,2018-11-06
2013,11,7,180.833333333333,186.5,6,2013-11-07,2018-11-07
2013,11,8,105.5,94,6,2013-11-08,2018-11-08
2013,11,9,64.5,58.5,6,2013-11-09,2018-11-09
2013,11,10,36.8333333333333,25,6,2013-11-10,2018-11-10
2013,11,11,47,44,6,2013-11-11,2018-11-11
2013,11,12,32.5,33,6,2013-11-12,2018-11-12
2013,11,13,27.3333333333333,28.5,6,2013-11-13,2018-11-13
2013,11,14,81,54.5,6,2013-11-14,2018-11-14
2013,11,15,168,166,6,2013-11-15,2018-11-15
2013,11,16,124,119.5,6,2013-11-16,2018-11-16
2013,11,17,80.5,75,6,2013-11-17,2018-11-17
2013,11,18,56,63.5,6,2013-11-18,2018-11-18
2013,11,19,95.3333333333333,105,6,2013-11-19,2018-11-19
2013,11,20,128.333333333333,119.5,6,2013-11-20,2018-11-20
2013,11,21,105.2,93,5,2013-11-21,2018-11-21
2013,11,22,66.8333333333333,62.5,6,2013-11-22,2018-11-22
2013,11,23,64.3333333333333,63.5,6,2013-11-23,2018-11-23
2013,11,24,54.5,53,6,2013-11-24,2018-11-24
2013,11,25,77.1666666666667,79,6,2013-11-25,2018-11-25
2013,11,26,98,99,6,2013-11-26,2018-11-26
2013,11,27,73,69.5,6,2013-11-27,2018-11-27
2013,11,28,52.3333333333333,46.5,6,2013-11-28,2018-11-28
2013,11,29,63.5,67,6,2013-11-29,2018-11-29
2013,11,30,90.1666666666667,90,6,2013-11-30,2018-11-30
2013,12,1,195.666666666667,189,6,2013-12-01,2018-12-01
2013,12,2,214.166666666667,218.5,6,2013-12-02,2018-12-02
2013,12,3,131.666666666667,138.5,6,2013-12-03,2018-12-03
2013,12,4,114.833333333333,113,6,2013-12-04,2018-12-04
2013,12,5,239.666666666667,205,6,2013-12-05,2018-12-05
2013,12,6,390.166666666667,414.5,6,2013-12-06,2018-12-06
2013,12,7,172.166666666667,143,6,2013-12-07,2018-12-07
2013,12,8,121.333333333333,122,6,2013-12-08,2018-12-08
2013,12,9,180,181.5,6,2013-12-09,2018-12-09
2013,12,10,76.8333333333333,69,6,2013-12-10,2018-12-10
2013,12,11,100,101.5,6,2013-12-11,2018-12-11
2013,12,12,89.1666666666667,70.5,6,2013-12-12,2018-12-12
2013,12,13,104.166666666667,97,6,2013-12-13,2018-12-13
2013,12,14,52,49.5,6,2013-12-14,2018-12-14
2013,12,15,90.1666666666667,92,6,2013-12-15,2018-12-15
2013,12,16,28,24,6,2013-12-16,2018-12-16
2013,12,17,20,20,6,2013-12-17,2018-12-17
2013,12,18,50.6666666666667,40.5,6,2013-12-18,2018-12-18
2013,12,19,94,76.5,6,2013-12-19,2018-12-19
2013,12,20,185,192,6,2013-12-20,2018-12-20
2013,12,21,63.6666666666667,66.5,6,2013-12-21,2018-12-21
2013,12,22,60.8333333333333,63,6,2013-12-22,2018-12-22
2013,12,23,57.8333333333333,52,6,2013-12-23,2018-12-23
2013,12,24,136.5,135,6,2013-12-24,2018-12-24
2013,12,25,109.166666666667,103,6,2013-12-25,2018-12-25
2013,12,26,209.833333333333,207.5,6,2013-12-26,2018-12-26
2013,12,27,59.1666666666667,54,6,2013-12-27,2018-12-27
2013,12,28,98.6666666666667,99,6,2013-12-28,2018-12-28
2013,12,29,133.666666666667,131,6,2013-12-29,2018-12-29
2013,12,30,117,117.5,6,2013-12-30,2018-12-30
2013,12,31,99.6666666666667,104,6,2013-12-31,2018-12-31
2014,1,1,131.666666666667,137.5,6,2014-01-01,2018-01-01
2014,1,2,88.6666666666667,85,6,2014-01-02,2018-01-02
2014,1,3,135,127.5,6,2014-01-03,2018-01-03
2014,1,4,100.666666666667,87.5,6,2014-01-04,2018-01-04
2014,1,5,52.6666666666667,40.5,6,2014-01-05,2018-01-05
2014,1,6,27,23,6,2014-01-06,2018-01-06
2014,1,7,50.6666666666667,48,6,2014-01-07,2018-01-07
2014,1,8,39.3333333333333,33.5,6,2014-01-08,2018-01-08
2014,1,9,35.3333333333333,34,6,2014-01-09,2018-01-09
2014,1,10,46.6666666666667,49,6,2014-01-10,2018-01-10
2014,1,11,44.1666666666667,43.5,6,2014-01-11,2018-01-11
2014,1,12,88,69,6,2014-01-12,2018-01-12
2014,1,13,34,26,6,2014-01-13,2018-01-13
2014,1,14,24.1666666666667,25,6,2014-01-14,2018-01-14
2014,1,15,33.3333333333333,26.5,6,2014-01-15,2018-01-15
2014,1,16,68.8333333333333,69.5,6,2014-01-16,2018-01-16
2014,1,17,95.5,76.5,6,2014-01-17,2018-01-17
2014,1,18,150.666666666667,142,6,2014-01-18,2018-01-18
2014,1,19,110,115,6,2014-01-19,2018-01-19
2014,1,20,168.333333333333,175.5,6,2014-01-20,2018-01-20
2014,1,21,44.5,45,6,2014-01-21,2018-01-21
2014,1,22,51.8333333333333,50,6,2014-01-22,2018-01-22
2014,1,23,41.8,38,5,2014-01-23,2018-01-23
2014,1,24,30.1666666666667,31.5,6,2014-01-24,2018-01-24
2014,1,25,102.5,89,6,2014-01-25,2018-01-25
2014,1,26,27.8333333333333,24.5,6,2014-01-26,2018-01-26
2014,1,27,19.3333333333333,19,6,2014-01-27,2018-01-27
2014,1,28,55.3333333333333,57.5,6,2014-01-28,2018-01-28
2014,1,29,64.1666666666667,54,6,2014-01-29,2018-01-29
2014,1,30,214,187.5,6,2014-01-30,2018-01-30
2014,1,31,118.666666666667,96,6,2014-01-31,2018-01-31
2014,2,1,62.6666666666667,51.5,6,2014-02-01,2018-02-01
2014,2,2,174.5,167,6,2014-02-02,2018-02-02
2014,2,3,53.3333333333333,49.5,6,2014-02-03,2018-02-03
2014,2,4,21.5,22.5,6,2014-02-04,2018-02-04
2014,2,5,17.6666666666667,17.5,6,2014-02-05,2018-02-05
2014,2,6,15.3333333333333,15,6,2014-02-06,2018-02-06
2014,2,7,17.1666666666667,17.5,6,2014-02-07,2018-02-07
2014,2,8,49,50,6,2014-02-08,2018-02-08
2014,2,9,49.3333333333333,51,6,2014-02-09,2018-02-09
2014,2,10,34.1666666666667,33.5,6,2014-02-10,2018-02-10
2014,2,11,39,40.5,6,2014-02-11,2018-02-11
2014,2,12,32.3333333333333,31,6,2014-02-12,2018-02-12
2014,2,13,26.8333333333333,21.5,6,2014-02-13,2018-02-13
2014,2,14,41.5,41.5,6,2014-02-14,2018-02-14
2014,2,15,25.1666666666667,26.5,6,2014-02-15,2018-02-15
2014,2,16,21.6666666666667,22,6,2014-02-16,2018-02-16
2014,2,17,31.6666666666667,27,6,2014-02-17,2018-02-17
2014,2,18,25.3333333333333,23.5,6,2014-02-18,2018-02-18
2014,2,19,69.1666666666667,64.5,6,2014-02-19,2018-02-19
2014,2,20,114.333333333333,123.5,6,2014-02-20,2018-02-20
2014,2,21,85.6666666666667,97.5,6,2014-02-21,2018-02-21
2014,2,22,54,55,6,2014-02-22,2018-02-22
2014,2,23,82.1666666666667,85.5,6,2014-02-23,2018-02-23
2014,2,24,74.3333333333333,79.5,6,2014-02-24,2018-02-24
2014,2,25,21.6666666666667,18.5,6,2014-02-25,2018-02-25
2014,2,26,60.3333333333333,51.5,6,2014-02-26,2018-02-26
2014,2,27,94.8333333333333,97.5,6,2014-02-27,2018-02-27
2014,2,28,74.1666666666667,72,6,2014-02-28,2018-02-28
2014,3,1,28.6666666666667,30,6,2014-03-01,2018-03-01
2014,3,2,51.3333333333333,54,6,2014-03-02,2018-03-02
2014,3,3,33.6666666666667,30,6,2014-03-03,2018-03-03
2014,3,4,28,26,5,2014-03-04,2018-03-04
2014,3,5,38.8333333333333,34,6,2014-03-05,2018-03-05
2014,3,6,23.3333333333333,23.5,6,2014-03-06,2018-03-06
2014,3,7,30.1666666666667,26,6,2014-03-07,2018-03-07
2014,3,8,43,38,6,2014-03-08,2018-03-08
2014,3,9,75.5,66.5,6,2014-03-09,2018-03-09
2014,3,10,129.833333333333,134,6,2014-03-10,2018-03-10
2014,3,11,45,43,6,2014-03-11,2018-03-11
2014,3,12,32.3333333333333,33.5,6,2014-03-12,2018-03-12
2014,3,13,36.6666666666667,37,6,2014-03-13,2018-03-13
2014,3,14,68.1666666666667,62,6,2014-03-14,2018-03-14
2014,3,15,73.8333333333333,70,6,2014-03-15,2018-03-15
2014,3,16,60.3333333333333,57,6,2014-03-16,2018-03-16
2014,3,17,68.3333333333333,64.5,6,2014-03-17,2018-03-17
2014,3,18,119.666666666667,113,6,2014-03-18,2018-03-18
2014,3,19,68.8333333333333,68,6,2014-03-19,2018-03-19
2014,3,20,63.6666666666667,72.5,6,2014-03-20,2018-03-20
2014,3,21,28.8333333333333,30,6,2014-03-21,2018-03-21
2014,3,22,42.8333333333333,42,6,2014-03-22,2018-03-22
2014,3,23,31.8333333333333,34,6,2014-03-23,2018-03-23
2014,3,24,38.1666666666667,39,6,2014-03-24,2018-03-24
2014,3,25,62.6666666666667,66,6,2014-03-25,2018-03-25
2014,3,26,79,80,6,2014-03-26,2018-03-26
2014,3,27,37.1666666666667,38.5,6,2014-03-27,2018-03-27
2014,3,28,40.3333333333333,35,6,2014-03-28,2018-03-28
2014,3,29,67.3333333333333,63.5,6,2014-03-29,2018-03-29
2014,3,30,89.6666666666667,87.5,6,2014-03-30,2018-03-30
2014,3,31,52,52.5,6,2014-03-31,2018-03-31
2014,4,1,49.1666666666667,52.5,6,2014-04-01,2018-04-01
2014,4,2,45.5,44,6,2014-04-02,2018-04-02
2014,4,3,44.3333333333333,44,6,2014-04-03,2018-04-03
2014,4,4,48.6666666666667,53,6,2014-04-04,2018-04-04
2014,4,5,51.3333333333333,44,6,2014-04-05,2018-04-05
2014,4,6,20.3333333333333,20.5,6,2014-04-06,2018-04-06
2014,4,7,36.1666666666667,38,6,2014-04-07,2018-04-07
2014,4,8,63,60.5,6,2014-04-08,2018-04-08
2014,4,9,62.1666666666667,62.5,6,2014-04-09,2018-04-09
2014,4,10,56.5,52.5,6,2014-04-10,2018-04-10
2014,4,11,46.8333333333333,47,6,2014-04-11,2018-04-11
2014,4,12,52.6666666666667,48.5,6,2014-04-12,2018-04-12
2014,4,13,45,44,6,2014-04-13,2018-04-13
2014,4,14,61.6666666666667,62.5,6,2014-04-14,2018-04-14
2014,4,15,42.5,32,6,2014-04-15,2018-04-15
2014,4,16,47.3333333333333,40.5,6,2014-04-16,2018-04-16
2014,4,17,123.833333333333,133.5,6,2014-04-17,2018-04-17
2014,4,18,54,43,6,2014-04-18,2018-04-18
2014,4,19,29,29.5,6,2014-04-19,2018-04-19
2014,4,20,39.1666666666667,39.5,6,2014-04-20,2018-04-20
2014,4,21,47.5,47.5,6,2014-04-21,2018-04-21
2014,4,22,58.6666666666667,51.5,6,2014-04-22,2018-04-22
2014,4,23,63.8333333333333,64,6,2014-04-23,2018-04-23
2014,4,24,47.1666666666667,41.5,6,2014-04-24,2018-04-24
2014,4,25,29.1666666666667,30,6,2014-04-25,2018-04-25
2014,4,26,21.1666666666667,21,6,2014-04-26,2018-04-26
2014,4,27,62.3333333333333,77,6,2014-04-27,2018-04-27
2014,4,28,51.3333333333333,45,6,2014-04-28,2018-04-28
2014,4,29,72.8333333333333,74.5,6,2014-04-29,2018-04-29
2014,4,30,66.6666666666667,66,6,2014-04-30,2018-04-30
2014,5,1,90,89,6,2014-05-01,2018-05-01
2014,5,2,76.1666666666667,78,6,2014-05-02,2018-05-02
2014,5,3,34.6666666666667,34,6,2014-05-03,2018-05-03
2014,5,4,46.6666666666667,40.5,6,2014-05-04,2018-05-04
2014,5,5,34,34.5,6,2014-05-05,2018-05-05
2014,5,6,36.6666666666667,35,6,2014-05-06,2018-05-06
2014,5,7,45.1666666666667,45.5,6,2014-05-07,2018-05-07
2014,5,8,65.8333333333333,62,6,2014-05-08,2018-05-08
2014,5,9,49,49.5,6,2014-05-09,2018-05-09
2014,5,10,40.5,44,6,2014-05-10,2018-05-10
2014,5,11,36.2,24,5,2014-05-11,2018-05-11
2014,5,12,62.25,58,4,2014-05-12,2018-05-12
2014,5,13,58.6666666666667,59,6,2014-05-13,2018-05-13
2014,5,14,76,71.5,6,2014-05-14,2018-05-14
2014,5,15,64.1666666666667,59.5,6,2014-05-15,2018-05-15
2014,5,16,56.5,52.5,6,2014-05-16,2018-05-16
2014,5,17,58,54,6,2014-05-17,2018-05-17
2014,5,18,32.6666666666667,30,6,2014-05-18,2018-05-18
2014,5,19,47.5,49.5,6,2014-05-19,2018-05-19
2014,5,20,77.3333333333333,82,6,2014-05-20,2018-05-20
2014,5,21,107.166666666667,114.5,6,2014-05-21,2018-05-21
2014,5,22,59.6666666666667,52.5,6,2014-05-22,2018-05-22
2014,5,23,28.8333333333333,26,6,2014-05-23,2018-05-23
2014,5,24,28.3333333333333,28.5,6,2014-05-24,2018-05-24
2014,5,25,76,88,6,2014-05-25,2018-05-25
2014,5,26,103,104.5,6,2014-05-26,2018-05-26
2014,5,27,133.333333333333,125.5,6,2014-05-27,2018-05-27
2014,5,28,85,84.5,6,2014-05-28,2018-05-28
2014,5,29,85.5,94,6,2014-05-29,2018-05-29
2014,5,30,76.5,70,6,2014-05-30,2018-05-30
2014,5,31,45.3333333333333,46,6,2014-05-31,2018-05-31
2014,6,1,24.6666666666667,24,6,2014-06-01,2018-06-01
2014,6,2,48.3333333333333,46.5,6,2014-06-02,2018-06-02
2014,6,3,49.5,54,6,2014-06-03,2018-06-03
2014,6,4,64.8,69,5,2014-06-04,2018-06-04
2014,6,5,44.5,43.5,6,2014-06-05,2018-06-05
2014,6,6,46,46,6,2014-06-06,2018-06-06
2014,6,7,51.3333333333333,51.5,6,2014-06-07,2018-06-07
2014,6,8,41.3333333333333,42,6,2014-06-08,2018-06-08
2014,6,9,33.1666666666667,30.5,6,2014-06-09,2018-06-09
2014,6,10,27.8333333333333,28,6,2014-06-10,2018-06-10
2014,6,11,29,26,6,2014-06-11,2018-06-11
2014,6,12,50.1666666666667,50,6,2014-06-12,2018-06-12
2014,6,13,77.6666666666667,76,6,2014-06-13,2018-06-13
2014,6,14,83.1666666666667,76,6,2014-06-14,2018-06-14
2014,6,15,47.3333333333333,42,6,2014-06-15,2018-06-15
2014,6,16,24.5,24.5,6,2014-06-16,2018-06-16
2014,6,17,43.1666666666667,42.5,6,2014-06-17,2018-06-17
2014,6,18,29.6666666666667,27.5,6,2014-06-18,2018-06-18
2014,6,19,37.3333333333333,38.5,6,2014-06-19,2018-06-19
2014,6,20,32.6666666666667,24,6,2014-06-20,2018-06-20
2014,6,21,27.3333333333333,24,6,2014-06-21,2018-06-21
2014,6,22,23.3333333333333,25,6,2014-06-22,2018-06-22
2014,6,23,33.1666666666667,30.5,6,2014-06-23,2018-06-23
2014,6,24,37.6,40,5,2014-06-24,2018-06-24
2014,6,25,20.6666666666667,22,6,2014-06-25,2018-06-25
2014,6,26,18.6666666666667,15,6,2014-06-26,2018-06-26
2014,6,27,19.3333333333333,19,6,2014-06-27,2018-06-27
2014,6,28,75.3333333333333,73.5,6,2014-06-28,2018-06-28
2014,6,29,78.5,75.5,6,2014-06-29,2018-06-29
2014,6,30,53.6666666666667,58,6,2014-06-30,2018-06-30
2014,7,1,39.3333333333333,40,6,2014-07-01,2018-07-01
2014,7,2,44.5,48,6,2014-07-02,2018-07-02
2014,7,3,66.1666666666667,76,6,2014-07-03,2018-07-03
2014,7,4,39.1666666666667,28,6,2014-07-04,2018-07-04
2014,7,5,27.3333333333333,27.5,6,2014-07-05,2018-07-05
2014,7,6,51.5,52.5,6,2014-07-06,2018-07-06
2014,7,7,32.8333333333333,37,6,2014-07-07,2018-07-07
2014,7,8,20.1666666666667,19.5,6,2014-07-08,2018-07-08
2014,7,9,17.1666666666667,18,6,2014-07-09,2018-07-09
2014,7,10,83.6666666666667,77,6,2014-07-10,2018-07-10
2014,7,11,84.1666666666667,86.5,6,2014-07-11,2018-07-11
2014,7,12,60,70.5,6,2014-07-12,2018-07-12
2014,7,13,40.1666666666667,36.5,6,2014-07-13,2018-07-13
2014,7,14,55.8333333333333,55,6,2014-07-14,2018-07-14
2014,7,15,37.6666666666667,34.5,6,2014-07-15,2018-07-15
2014,7,16,42.8333333333333,45,6,2014-07-16,2018-07-16
2014,7,17,16.5,16,6,2014-07-17,2018-07-17
2014,7,18,11,11.5,6,2014-07-18,2018-07-18
2014,7,19,16.8,16,5,2014-07-19,2018-07-19
2014,7,20,19,20,6,2014-07-20,2018-07-20
2014,7,21,15.5,15,6,2014-07-21,2018-07-21
2014,7,22,13.3333333333333,11.5,6,2014-07-22,2018-07-22
2014,7,23,14.8333333333333,16,6,2014-07-23,2018-07-23
2014,7,24,18.3333333333333,19,6,2014-07-24,2018-07-24
2014,7,25,33.6666666666667,25.5,6,2014-07-25,2018-07-25
2014,7,26,73.6666666666667,71.5,6,2014-07-26,2018-07-26
2014,7,27,39.6666666666667,44,6,2014-07-27,2018-07-27
2014,7,28,39.6,42,5,2014-07-28,2018-07-28
2014,7,29,28.1666666666667,26.5,6,2014-07-29,2018-07-29
2014,7,30,10.6666666666667,9.5,6,2014-07-30,2018-07-30
2014,7,31,7.5,8,6,2014-07-31,2018-07-31
2014,8,1,13.3333333333333,13,3,2014-08-01,2018-08-01
2014,8,2,16.4,10,5,2014-08-02,2018-08-02
2014,8,3,46.8333333333333,46.5,6,2014-08-03,2018-08-03
2014,8,4,58.6666666666667,57.5,6,2014-08-04,2018-08-04
2014,8,5,30.5,33.5,6,2014-08-05,2018-08-05
2014,8,6,18,12.5,6,2014-08-06,2018-08-06
2014,8,7,14.8333333333333,16.5,6,2014-08-07,2018-08-07
2014,8,8,15.8333333333333,12.5,6,2014-08-08,2018-08-08
2014,8,9,20.3333333333333,18,6,2014-08-09,2018-08-09
2014,8,10,50.5,51,6,2014-08-10,2018-08-10
2014,8,11,27,26,6,2014-08-11,2018-08-11
2014,8,12,32,27,6,2014-08-12,2018-08-12
2014,8,13,29.3333333333333,17.5,6,2014-08-13,2018-08-13
2014,8,14,16.3333333333333,16.5,6,2014-08-14,2018-08-14
2014,8,15,26.6666666666667,21.5,6,2014-08-15,2018-08-15
2014,8,16,33,35,6,2014-08-16,2018-08-16
2014,8,17,17.8,24,5,2014-08-17,2018-08-17
2014,8,18,31,30,6,2014-08-18,2018-08-18
2014,8,19,10.3333333333333,8,6,2014-08-19,2018-08-19
2014,8,20,14.5,14,6,2014-08-20,2018-08-20
2014,8,21,48.1666666666667,42.5,6,2014-08-21,2018-08-21
2014,8,22,26.6666666666667,23.5,6,2014-08-22,2018-08-22
2014,8,23,40.5,41,6,2014-08-23,2018-08-23
2014,8,24,48.3333333333333,50,6,2014-08-24,2018-08-24
2014,8,25,56.1666666666667,64.5,6,2014-08-25,2018-08-25
2014,8,26,41.6666666666667,34.5,6,2014-08-26,2018-08-26
2014,8,27,31.8333333333333,31.5,6,2014-08-27,2018-08-27
2014,8,28,34.6666666666667,35,6,2014-08-28,2018-08-28
2014,8,29,33,31,6,2014-08-29,2018-08-29
2014,8,30,15.8333333333333,16.5,6,2014-08-30,2018-08-30
2014,8,31,13.1666666666667,12.5,6,2014-08-31,2018-08-31
2014,9,1,29.6666666666667,30,6,2014-09-01,2018-09-01
2014,9,2,35.1666666666667,38,6,2014-09-02,2018-09-02
2014,9,3,32.3333333333333,28.5,6,2014-09-03,2018-09-03
2014,9,4,91.3333333333333,93,6,2014-09-04,2018-09-04
2014,9,5,63.5,61.5,6,2014-09-05,2018-09-05
2014,9,6,35.3333333333333,37,6,2014-09-06,2018-09-06
2014,9,7,30.5,30.5,6,2014-09-07,2018-09-07
2014,9,8,29.5,25,6,2014-09-08,2018-09-08
2014,9,9,31.6666666666667,31.5,6,2014-09-09,2018-09-09
2014,9,10,43,33,6,2014-09-10,2018-09-10
2014,9,11,10,8.5,6,2014-09-11,2018-09-11
2014,9,12,15.1666666666667,13,6,2014-09-12,2018-09-12
2014,9,13,7.83333333333333,6.5,6,2014-09-13,2018-09-13
2014,9,14,9.83333333333333,7,6,2014-09-14,2018-09-14
2014,9,15,6.8,7,5,2014-09-15,2018-09-15
2014,9,16,22.1666666666667,23,6,2014-09-16,2018-09-16
2014,9,17,12.3333333333333,10.5,6,2014-09-17,2018-09-17
2014,9,18,18.1666666666667,15,6,2014-09-18,2018-09-18
2014,9,19,38.5,35,6,2014-09-19,2018-09-19
2014,9,20,38.6666666666667,28,6,2014-09-20,2018-09-20
2014,9,21,12.8333333333333,12,6,2014-09-21,2018-09-21
2014,9,22,8.83333333333333,9,6,2014-09-22,2018-09-22
2014,9,23,16.3333333333333,23,3,2014-09-23,2018-09-23
2014,9,24,16.5,16.5,2,2014-09-24,2018-09-24
2014,9,25,43.5,44,4,2014-09-25,2018-09-25
2014,9,26,51.6666666666667,50.5,6,2014-09-26,2018-09-26
2014,9,27,31.1666666666667,35.5,6,2014-09-27,2018-09-27
2014,9,28,17.1666666666667,19,6,2014-09-28,2018-09-28
2014,9,29,48.1666666666667,43.5,6,2014-09-29,2018-09-29
2014,9,30,14.5,17,6,2014-09-30,2018-09-30
2014,10,1,21.3333333333333,20,6,2014-10-01,2018-10-01
2014,10,2,51.6666666666667,49.5,6,2014-10-02,2018-10-02
2014,10,3,43.5,50,6,2014-10-03,2018-10-03
2014,10,4,19.8333333333333,21.5,6,2014-10-04,2018-10-04
2014,10,5,32.5,32.5,6,2014-10-05,2018-10-05
2014,10,6,38.6666666666667,35.5,6,2014-10-06,2018-10-06
2014,10,7,27,24,6,2014-10-07,2018-10-07
2014,10,8,24.6666666666667,26,6,2014-10-08,2018-10-08
2014,10,9,24.6666666666667,25,6,2014-10-09,2018-10-09
2014,10,10,33.1666666666667,31.5,6,2014-10-10,2018-10-10
2014,10,11,34.6666666666667,33,6,2014-10-11,2018-10-11
2014,10,12,32.1666666666667,31,6,2014-10-12,2018-10-12
2014,10,13,29.2,26,5,2014-10-13,2018-10-13
2014,10,14,50.6666666666667,49,3,2014-10-14,2018-10-14
2014,10,15,89.8333333333333,81.5,6,2014-10-15,2018-10-15
2014,10,16,92.3333333333333,109.5,6,2014-10-16,2018-10-16
2014,10,17,17.3333333333333,18,6,2014-10-17,2018-10-17
2014,10,18,17.3333333333333,15.5,6,2014-10-18,2018-10-18
2014,10,19,21.8333333333333,21,6,2014-10-19,2018-10-19
2014,10,20,48.8333333333333,45,6,2014-10-20,2018-10-20
2014,10,21,63.6666666666667,48.5,6,2014-10-21,2018-10-21
2014,10,22,48.6666666666667,46.5,6,2014-10-22,2018-10-22
2014,10,23,36.2,35,5,2014-10-23,2018-10-23
2014,10,24,29.3333333333333,29.5,6,2014-10-24,2018-10-24
2014,10,25,28.8333333333333,28.5,6,2014-10-25,2018-10-25
2014,10,26,55.6666666666667,60,6,2014-10-26,2018-10-26
2014,10,27,46.3333333333333,41.5,6,2014-10-27,2018-10-27
2014,10,28,20,19,6,2014-10-28,2018-10-28
2014,10,29,26.8333333333333,26.5,6,2014-10-29,2018-10-29
2014,10,30,45.8333333333333,44.5,6,2014-10-30,2018-10-30
2014,10,31,51.6666666666667,54.5,6,2014-10-31,2018-10-31
2014,11,1,64.3333333333333,66.5,6,2014-11-01,2018-11-01
2014,11,2,61.5,63,6,2014-11-02,2018-11-02
2014,11,3,37,35.5,6,2014-11-03,2018-11-03
2014,11,4,37.3333333333333,37,6,2014-11-04,2018-11-04
2014,11,5,34.8333333333333,33.5,6,2014-11-05,2018-11-05
2014,11,6,123.166666666667,133,6,2014-11-06,2018-11-06
2014,11,7,39,33,6,2014-11-07,2018-11-07
2014,11,8,28.3333333333333,26,6,2014-11-08,2018-11-08
2014,11,9,41,34.5,6,2014-11-09,2018-11-09
2014,11,10,64.3333333333333,66,6,2014-11-10,2018-11-10
2014,11,11,61.6666666666667,49.5,6,2014-11-11,2018-11-11
2014,11,12,124.333333333333,136,6,2014-11-12,2018-11-12
2014,11,13,35.3333333333333,31.5,6,2014-11-13,2018-11-13
2014,11,14,48.8333333333333,53.5,6,2014-11-14,2018-11-14
2014,11,15,37,35,6,2014-11-15,2018-11-15
2014,11,16,75,69.5,6,2014-11-16,2018-11-16
2014,11,17,118.833333333333,108,6,2014-11-17,2018-11-17
2014,11,18,58.5,57.5,6,2014-11-18,2018-11-18
2014,11,19,34.5,31.5,6,2014-11-19,2018-11-19
2014,11,20,35.8333333333333,33,6,2014-11-20,2018-11-20
2014,11,21,38.5,37.5,6,2014-11-21,2018-11-21
2014,11,22,69.6666666666667,56,6,2014-11-22,2018-11-22
2014,11,23,40.6666666666667,38,3,2014-11-23,2018-11-23
2014,11,24,20.5,21.5,4,2014-11-24,2018-11-24
2014,11,25,30.3333333333333,29,6,2014-11-25,2018-11-25
2014,11,26,46,46,6,2014-11-26,2018-11-26
2014,11,27,25,24.5,6,2014-11-27,2018-11-27
2014,11,28,62.8333333333333,68,6,2014-11-28,2018-11-28
2014,11,29,42.1666666666667,38.5,6,2014-11-29,2018-11-29
2014,11,30,43,42.5,6,2014-11-30,2018-11-30
2014,12,1,54.6666666666667,56,6,2014-12-01,2018-12-01
2014,12,2,46.6666666666667,42.5,6,2014-12-02,2018-12-02
2014,12,3,63.5,65,6,2014-12-03,2018-12-03
2014,12,4,96.1666666666667,95.5,6,2014-12-04,2018-12-04
2014,12,5,81.6666666666667,91.5,6,2014-12-05,2018-12-05
2014,12,6,79.1666666666667,87,6,2014-12-06,2018-12-06
2014,12,7,80,77,6,2014-12-07,2018-12-07
2014,12,8,97.6666666666667,80,6,2014-12-08,2018-12-08
2014,12,9,34.1666666666667,34.5,6,2014-12-09,2018-12-09
2014,12,10,62.6666666666667,53,6,2014-12-10,2018-12-10
2014,12,11,82.1666666666667,72.5,6,2014-12-11,2018-12-11
2014,12,12,82.1666666666667,86,6,2014-12-12,2018-12-12
2014,12,13,82,75,6,2014-12-13,2018-12-13
2014,12,14,79.5,76.5,6,2014-12-14,2018-12-14
2014,12,15,91.3333333333333,78.5,6,2014-12-15,2018-12-15
2014,12,16,67.1666666666667,41.5,6,2014-12-16,2018-12-16
2014,12,17,52.8333333333333,51.5,6,2014-12-17,2018-12-17
2014,12,18,64.6666666666667,53,6,2014-12-18,2018-12-18
2014,12,19,77.1666666666667,77.5,6,2014-12-19,2018-12-19
2014,12,20,59.6666666666667,45,6,2014-12-20,2018-12-20
2014,12,21,74.5,84.5,6,2014-12-21,2018-12-21
2014,12,22,76.5,72.5,6,2014-12-22,2018-12-22
2014,12,23,57.1666666666667,52.5,6,2014-12-23,2018-12-23
2014,12,24,136.5,136.5,6,2014-12-24,2018-12-24
2014,12,25,32.5,22,6,2014-12-25,2018-12-25
2014,12,26,27.3333333333333,24.5,6,2014-12-26,2018-12-26
2014,12,27,29.1666666666667,27.5,6,2014-12-27,2018-12-27
2014,12,28,71,72.5,6,2014-12-28,2018-12-28
2014,12,29,134.666666666667,137.5,6,2014-12-29,2018-12-29
2014,12,30,118.666666666667,123,6,2014-12-30,2018-12-30
2014,12,31,104,92,6,2014-12-31,2018-12-31
2015,1,1,45.3333333333333,47.5,6,2015-01-01,2018-01-01
2015,1,2,89,88.5,6,2015-01-02,2018-01-02
2015,1,3,98,100,6,2015-01-03,2018-01-03
2015,1,4,123.666666666667,111,6,2015-01-04,2018-01-04
2015,1,5,89.3333333333333,62.5,6,2015-01-05,2018-01-05
2015,1,6,73.5,31,6,2015-01-06,2018-01-06
2015,1,7,46.6666666666667,47,6,2015-01-07,2018-01-07
2015,1,8,85,86,6,2015-01-08,2018-01-08
2015,1,9,161.333333333333,172,6,2015-01-09,2018-01-09
2015,1,10,173,188,6,2015-01-10,2018-01-10
2015,1,11,170,176,6,2015-01-11,2018-01-11
2015,1,12,22.6666666666667,23.5,6,2015-01-12,2018-01-12
2015,1,13,23.3333333333333,24.5,6,2015-01-13,2018-01-13
2015,1,14,28.1666666666667,28,6,2015-01-14,2018-01-14
2015,1,15,86.8333333333333,86,6,2015-01-15,2018-01-15
2015,1,16,122.333333333333,109,6,2015-01-16,2018-01-16
2015,1,17,73.8333333333333,41.5,6,2015-01-17,2018-01-17
2015,1,18,100.333333333333,132,6,2015-01-18,2018-01-18
2015,1,19,93,104,5,2015-01-19,2018-01-19
2015,1,20,35.6,33,5,2015-01-20,2018-01-20
2015,1,21,107.2,104,5,2015-01-21,2018-01-21
2015,1,22,132,136.5,6,2015-01-22,2018-01-22
2015,1,23,110.833333333333,113,6,2015-01-23,2018-01-23
2015,1,24,104.166666666667,110,6,2015-01-24,2018-01-24
2015,1,25,142.5,116,6,2015-01-25,2018-01-25
2015,1,26,102.666666666667,100,6,2015-01-26,2018-01-26
2015,1,27,52,43.5,6,2015-01-27,2018-01-27
2015,1,28,23.1666666666667,22,6,2015-01-28,2018-01-28
2015,1,29,23,21.5,6,2015-01-29,2018-01-29
2015,1,30,73.3333333333333,68,6,2015-01-30,2018-01-30
2015,1,31,36.6666666666667,27,6,2015-01-31,2018-01-31
2015,2,1,26.8333333333333,28.5,6,2015-02-01,2018-02-01
2015,2,2,31.8333333333333,32,6,2015-02-02,2018-02-02
2015,2,3,44,40,6,2015-02-03,2018-02-03
2015,2,4,188.5,201,6,2015-02-04,2018-02-04
2015,2,5,87.3333333333333,58.5,6,2015-02-05,2018-02-05
2015,2,6,77.6666666666667,75.5,6,2015-02-06,2018-02-06
2015,2,7,111.5,114,6,2015-02-07,2018-02-07
2015,2,8,40,33,6,2015-02-08,2018-02-08
2015,2,9,36.5,35,6,2015-02-09,2018-02-09
2015,2,10,55.6666666666667,54,6,2015-02-10,2018-02-10
2015,2,11,83.6666666666667,80,6,2015-02-11,2018-02-11
2015,2,12,149.666666666667,171.5,6,2015-02-12,2018-02-12
2015,2,13,48.5,50.5,6,2015-02-13,2018-02-13
2015,2,14,57.1666666666667,52,6,2015-02-14,2018-02-14
2015,2,15,59.6666666666667,54,6,2015-02-15,2018-02-15
2015,2,16,117,116.5,6,2015-02-16,2018-02-16
2015,2,17,112.833333333333,103.5,6,2015-02-17,2018-02-17
2015,2,18,64.1666666666667,66,6,2015-02-18,2018-02-18
2015,2,19,20.6666666666667,20,6,2015-02-19,2018-02-19
2015,2,20,20.5,20.5,6,2015-02-20,2018-02-20
2015,2,21,66.1666666666667,70,6,2015-02-21,2018-02-21
2015,2,22,118.666666666667,116,6,2015-02-22,2018-02-22
2015,2,23,49.8333333333333,51,6,2015-02-23,2018-02-23
2015,2,24,45,44,6,2015-02-24,2018-02-24
2015,2,25,26.5,26,4,2015-02-25,2018-02-25
2015,2,26,55.8333333333333,42,6,2015-02-26,2018-02-26
2015,2,27,25,26,6,2015-02-27,2018-02-27
2015,2,28,19.8333333333333,18,6,2015-02-28,2018-02-28
2015,3,1,78.25,78,4,2015-03-01,2018-03-01
2015,3,2,88.75,91.5,4,2015-03-02,2018-03-02
2015,3,3,72.6666666666667,77,6,2015-03-03,2018-03-03
2015,3,4,25,24.5,6,2015-03-04,2018-03-04
2015,3,5,23.6666666666667,19.5,6,2015-03-05,2018-03-05
2015,3,6,33.3333333333333,34,6,2015-03-06,2018-03-06
2015,3,7,37.6666666666667,36.5,6,2015-03-07,2018-03-07
2015,3,8,33.5,29,6,2015-03-08,2018-03-08
2015,3,9,36.3333333333333,34.5,6,2015-03-09,2018-03-09
2015,3,10,26.6666666666667,26,6,2015-03-10,2018-03-10
2015,3,11,47.6666666666667,52.5,6,2015-03-11,2018-03-11
2015,3,12,70.6666666666667,71.5,6,2015-03-12,2018-03-12
2015,3,13,97.5,87.5,6,2015-03-13,2018-03-13
2015,3,14,98.8333333333333,89,6,2015-03-14,2018-03-14
2015,3,15,53,50.5,6,2015-03-15,2018-03-15
2015,3,16,32.8333333333333,28,6,2015-03-16,2018-03-16
2015,3,17,39,35.5,6,2015-03-17,2018-03-17
2015,3,18,51.8333333333333,51,6,2015-03-18,2018-03-18
2015,3,19,77,69.5,6,2015-03-19,2018-03-19
2015,3,20,57,59.5,6,2015-03-20,2018-03-20
2015,3,21,98.1666666666667,97.5,6,2015-03-21,2018-03-21
2015,3,22,57,42.5,6,2015-03-22,2018-03-22
2015,3,23,25.5,21.5,6,2015-03-23,2018-03-23
2015,3,24,17.3333333333333,16.5,6,2015-03-24,2018-03-24
2015,3,25,23.8333333333333,24,6,2015-03-25,2018-03-25
2015,3,26,26.3333333333333,25.5,6,2015-03-26,2018-03-26
2015,3,27,30.6666666666667,32,6,2015-03-27,2018-03-27
2015,3,28,69.6666666666667,65.5,6,2015-03-28,2018-03-28
2015,3,29,73.5,74.5,6,2015-03-29,2018-03-29
2015,3,30,36,35.5,4,2015-03-30,2018-03-30
2015,3,31,58.5,56,6,2015-03-31,2018-03-31
2015,4,1,45.3333333333333,35,6,2015-04-01,2018-04-01
2015,4,2,33.8333333333333,36,6,2015-04-02,2018-04-02
2015,4,3,66.3333333333333,67,6,2015-04-03,2018-04-03
2015,4,4,67.1666666666667,56,6,2015-04-04,2018-04-04
2015,4,5,46.8333333333333,53.5,6,2015-04-05,2018-04-05
2015,4,6,21.1666666666667,17,6,2015-04-06,2018-04-06
2015,4,7,23.8333333333333,24.5,6,2015-04-07,2018-04-07
2015,4,8,31.75,30.5,4,2015-04-08,2018-04-08
2015,4,10,41,41,1,2015-04-10,2018-04-10
2015,4,11,39.3333333333333,45,3,2015-04-11,2018-04-11
2015,4,12,49.25,49,4,2015-04-12,2018-04-12
2015,4,13,44.6666666666667,43,3,2015-04-13,2018-04-13
2015,4,14,66.5,62.5,6,2015-04-14,2018-04-14
2015,4,15,70.3333333333333,71,6,2015-04-15,2018-04-15
2015,4,16,62.1666666666667,73,6,2015-04-16,2018-04-16
2015,4,17,31.1666666666667,30.5,6,2015-04-17,2018-04-17
2015,4,18,60.6666666666667,58.5,6,2015-04-18,2018-04-18
2015,4,19,98.8333333333333,92.5,6,2015-04-19,2018-04-19
2015,4,20,44.6666666666667,42,6,2015-04-20,2018-04-20
2015,4,21,38.8333333333333,39,6,2015-04-21,2018-04-21
2015,4,22,70.6,68,5,2015-04-22,2018-04-22
2015,4,24,61,66.5,6,2015-04-24,2018-04-24
2015,4,25,65.5,65,6,2015-04-25,2018-04-25
2015,4,26,49.5,51,6,2015-04-26,2018-04-26
2015,4,27,49,49,1,2015-04-27,2018-04-27
2015,4,28,62.5,68.5,4,2015-04-28,2018-04-28
2015,4,29,46.8,49,5,2015-04-29,2018-04-29
2015,4,30,68.1666666666667,66,6,2015-04-30,2018-04-30
2015,5,1,45.1666666666667,46,6,2015-05-01,2018-05-01
2015,5,2,47.8333333333333,46.5,6,2015-05-02,2018-05-02
2015,5,3,62.5,56.5,6,2015-05-03,2018-05-03
2015,5,4,64.6666666666667,65,6,2015-05-04,2018-05-04
2015,5,5,24.5,23.5,6,2015-05-05,2018-05-05
2015,5,6,41.6666666666667,41.5,6,2015-05-06,2018-05-06
2015,5,7,51.5,46,6,2015-05-07,2018-05-07
2015,5,8,30.3333333333333,31,6,2015-05-08,2018-05-08
2015,5,9,27.8333333333333,28,6,2015-05-09,2018-05-09
2015,5,10,39.1666666666667,40,6,2015-05-10,2018-05-10
2015,5,11,27.6666666666667,24,6,2015-05-11,2018-05-11
2015,5,12,46.5,48.5,6,2015-05-12,2018-05-12
2015,5,13,45.6666666666667,45.5,6,2015-05-13,2018-05-13
2015,5,14,46,45,6,2015-05-14,2018-05-14
2015,5,15,38.1666666666667,37.5,6,2015-05-15,2018-05-15
2015,5,16,51.8333333333333,51,6,2015-05-16,2018-05-16
2015,5,17,40.6666666666667,36,6,2015-05-17,2018-05-17
2015,5,18,48,44.5,6,2015-05-18,2018-05-18
2015,5,19,71.3333333333333,71.5,6,2015-05-19,2018-05-19
2015,5,20,39.8333333333333,33,6,2015-05-20,2018-05-20
2015,5,21,22.6666666666667,23,6,2015-05-21,2018-05-21
2015,5,22,30.1666666666667,26,6,2015-05-22,2018-05-22
2015,5,23,35.5,35,6,2015-05-23,2018-05-23
2015,5,24,38.3333333333333,32,6,2015-05-24,2018-05-24
2015,5,25,32.5,34,6,2015-05-25,2018-05-25
2015,5,26,30.6666666666667,30,6,2015-05-26,2018-05-26
2015,5,27,42.8333333333333,43.5,6,2015-05-27,2018-05-27
2015,5,28,35,31.5,6,2015-05-28,2018-05-28
2015,5,29,28,29.5,6,2015-05-29,2018-05-29
2015,5,30,36,31.5,6,2015-05-30,2018-05-30
2015,5,31,49.6666666666667,51,6,2015-05-31,2018-05-31
2015,6,1,47.6666666666667,47,6,2015-06-01,2018-06-01
2015,6,2,33.8333333333333,34,6,2015-06-02,2018-06-02
2015,6,3,18.8333333333333,18,6,2015-06-03,2018-06-03
2015,6,4,25.6666666666667,24,6,2015-06-04,2018-06-04
2015,6,5,65.5,69,6,2015-06-05,2018-06-05
2015,6,6,50.5,49.5,6,2015-06-06,2018-06-06
2015,6,7,25.3333333333333,30,6,2015-06-07,2018-06-07
2015,6,8,19.1666666666667,12.5,6,2015-06-08,2018-06-08
2015,6,9,42,43.5,6,2015-06-09,2018-06-09
2015,6,10,36.5,33,6,2015-06-10,2018-06-10
2015,6,11,50.1666666666667,51.5,6,2015-06-11,2018-06-11
2015,6,12,56.1666666666667,53.5,6,2015-06-12,2018-06-12
2015,6,13,50.5,53,6,2015-06-13,2018-06-13
2015,6,14,33.8333333333333,32,6,2015-06-14,2018-06-14
2015,6,15,41.3333333333333,37.5,6,2015-06-15,2018-06-15
2015,6,16,29.6666666666667,29,6,2015-06-16,2018-06-16
2015,6,17,24.5,15,6,2015-06-17,2018-06-17
2015,6,18,25,24.5,6,2015-06-18,2018-06-18
2015,6,19,39.6666666666667,35.5,6,2015-06-19,2018-06-19
2015,6,20,35,28,6,2015-06-20,2018-06-20
2015,6,21,39.5,43.5,6,2015-06-21,2018-06-21
2015,6,22,27.1666666666667,23.5,6,2015-06-22,2018-06-22
2015,6,23,47.6666666666667,46,6,2015-06-23,2018-06-23
2015,6,24,54.8,45,5,2015-06-24,2018-06-24
2015,6,25,35.3333333333333,28,6,2015-06-25,2018-06-25
2015,6,26,33,34,6,2015-06-26,2018-06-26
2015,6,27,14,13.5,6,2015-06-27,2018-06-27
2015,6,28,12,9,6,2015-06-28,2018-06-28
2015,6,29,40.1666666666667,43.5,6,2015-06-29,2018-06-29
2015,6,30,55,58.5,6,2015-06-30,2018-06-30
2015,7,1,38.3333333333333,36,6,2015-07-01,2018-07-01
2015,7,2,55.8333333333333,55,6,2015-07-02,2018-07-02
2015,7,3,71.8,58,5,2015-07-03,2018-07-03
2015,7,4,22.6666666666667,23,3,2015-07-04,2018-07-04
2015,7,5,26,24,5,2015-07-05,2018-07-05
2015,7,6,19.25,19.5,4,2015-07-06,2018-07-06
2015,7,7,21.3333333333333,21,6,2015-07-07,2018-07-07
2015,7,8,26.5,25,6,2015-07-08,2018-07-08
2015,7,9,29,31,6,2015-07-09,2018-07-09
2015,7,10,21,22,6,2015-07-10,2018-07-10
2015,7,11,4.66666666666667,5.5,6,2015-07-11,2018-07-11
2015,7,12,21,17.5,6,2015-07-12,2018-07-12
2015,7,13,67.6666666666667,70,6,2015-07-13,2018-07-13
2015,7,14,58.6666666666667,56.5,6,2015-07-14,2018-07-14
2015,7,15,25.8333333333333,25,6,2015-07-15,2018-07-15
2015,7,16,30,28,6,2015-07-16,2018-07-16
2015,7,17,26.3333333333333,24,6,2015-07-17,2018-07-17
2015,7,18,22.1666666666667,22.5,6,2015-07-18,2018-07-18
2015,7,19,17.3333333333333,17.5,6,2015-07-19,2018-07-19
2015,7,20,21,22,6,2015-07-20,2018-07-20
2015,7,21,36.8333333333333,36.5,6,2015-07-21,2018-07-21
2015,7,22,30.6666666666667,29.5,6,2015-07-22,2018-07-22
2015,7,23,37.1666666666667,32.5,6,2015-07-23,2018-07-23
2015,7,24,28.8333333333333,29,6,2015-07-24,2018-07-24
2015,7,25,49.8333333333333,51,6,2015-07-25,2018-07-25
2015,7,26,60.8333333333333,58,6,2015-07-26,2018-07-26
2015,7,27,44.1666666666667,45,6,2015-07-27,2018-07-27
2015,7,28,44.1666666666667,41,6,2015-07-28,2018-07-28
2015,7,29,40.6666666666667,38.5,6,2015-07-29,2018-07-29
2015,7,30,33.1666666666667,35,6,2015-07-30,2018-07-30
2015,7,31,33.5,32,6,2015-07-31,2018-07-31
2015,8,1,51.3333333333333,52,6,2015-08-01,2018-08-01
2015,8,2,42.6666666666667,43.5,6,2015-08-02,2018-08-02
2015,8,3,37.6666666666667,38,6,2015-08-03,2018-08-03
2015,8,4,38.5,36,6,2015-08-04,2018-08-04
2015,8,5,33.1666666666667,28.5,6,2015-08-05,2018-08-05
2015,8,6,24.1666666666667,23,6,2015-08-06,2018-08-06
2015,8,7,23.6666666666667,16.5,6,2015-08-07,2018-08-07
2015,8,8,10.8333333333333,11,6,2015-08-08,2018-08-08
2015,8,9,11,10.5,6,2015-08-09,2018-08-09
2015,8,10,18.1666666666667,16.5,6,2015-08-10,2018-08-10
2015,8,11,15.5,15,6,2015-08-11,2018-08-11
2015,8,12,32.1666666666667,33,6,2015-08-12,2018-08-12
2015,8,13,43.5,45,6,2015-08-13,2018-08-13
2015,8,14,34,32,6,2015-08-14,2018-08-14
2015,8,15,25,25,6,2015-08-15,2018-08-15
2015,8,16,33.3333333333333,34,6,2015-08-16,2018-08-16
2015,8,17,40.8333333333333,39,6,2015-08-17,2018-08-17
2015,8,18,39.8333333333333,41.5,6,2015-08-18,2018-08-18
2015,8,19,22.8333333333333,23,6,2015-08-19,2018-08-19
2015,8,20,36.1666666666667,25,6,2015-08-20,2018-08-20
2015,8,21,20.8333333333333,21.5,6,2015-08-21,2018-08-21
2015,8,22,11,11,2,2015-08-22,2018-08-22
2015,8,24,21.6,18,5,2015-08-24,2018-08-24
2015,8,25,30,31.5,6,2015-08-25,2018-08-25
2015,8,26,62.5,69,6,2015-08-26,2018-08-26
2015,8,27,84.5,76,6,2015-08-27,2018-08-27
2015,8,28,80.1666666666667,79.5,6,2015-08-28,2018-08-28
2015,8,29,62.3333333333333,59.5,6,2015-08-29,2018-08-29
2015,8,30,49,49.5,6,2015-08-30,2018-08-30
2015,8,31,35.3333333333333,37.5,6,2015-08-31,2018-08-31
2015,9,1,41.6666666666667,42.5,6,2015-09-01,2018-09-01
2015,9,2,59.3333333333333,58,6,2015-09-02,2018-09-02
2015,9,3,69,68,6,2015-09-03,2018-09-03
2015,9,4,56.5,59,6,2015-09-04,2018-09-04
2015,9,5,39.1666666666667,43,6,2015-09-05,2018-09-05
2015,9,6,25.5,21.5,6,2015-09-06,2018-09-06
2015,9,7,15.1666666666667,15.5,6,2015-09-07,2018-09-07
2015,9,8,12.3333333333333,11.5,6,2015-09-08,2018-09-08
2015,9,9,9.33333333333333,8.5,6,2015-09-09,2018-09-09
2015,9,10,20.6666666666667,21,6,2015-09-10,2018-09-10
2015,9,11,24.1666666666667,18,6,2015-09-11,2018-09-11
2015,9,12,49.5,49.5,6,2015-09-12,2018-09-12
2015,9,13,21,16.5,6,2015-09-13,2018-09-13
2015,9,14,16.1666666666667,15.5,6,2015-09-14,2018-09-14
2015,9,15,19.6666666666667,19.5,6,2015-09-15,2018-09-15
2015,9,16,22.6666666666667,23.5,6,2015-09-16,2018-09-16
2015,9,17,24,21.5,6,2015-09-17,2018-09-17
2015,9,18,28.5,31,6,2015-09-18,2018-09-18
2015,9,19,20.5,18.5,6,2015-09-19,2018-09-19
2015,9,20,36.8333333333333,41,6,2015-09-20,2018-09-20
2015,9,21,30,25,6,2015-09-21,2018-09-21
2015,9,22,30,31.5,6,2015-09-22,2018-09-22
2015,9,23,27.6,24,5,2015-09-23,2018-09-23
2015,9,24,18.3333333333333,17.5,6,2015-09-24,2018-09-24
2015,9,25,27,26.5,6,2015-09-25,2018-09-25
2015,9,26,32,31.5,6,2015-09-26,2018-09-26
2015,9,27,27.1666666666667,26,6,2015-09-27,2018-09-27
2015,9,28,21.1666666666667,21.5,6,2015-09-28,2018-09-28
2015,9,29,7.33333333333333,7,6,2015-09-29,2018-09-29
2015,9,30,15.8,15,5,2015-09-30,2018-09-30
2015,10,1,34.5,27,6,2015-10-01,2018-10-01
2015,10,2,33.5,32,6,2015-10-02,2018-10-02
2015,10,3,32,35,6,2015-10-03,2018-10-03
2015,10,4,21.6666666666667,21,6,2015-10-04,2018-10-04
2015,10,5,26.6666666666667,26,6,2015-10-05,2018-10-05
2015,10,6,17.5,15.5,6,2015-10-06,2018-10-06
2015,10,7,14.3333333333333,12,6,2015-10-07,2018-10-07
2015,10,8,26.5,26.5,4,2015-10-08,2018-10-08
2015,10,9,70.6666666666667,82,3,2015-10-09,2018-10-09
2015,10,10,36.4,35,5,2015-10-10,2018-10-10
2015,10,11,54.8,60,5,2015-10-11,2018-10-11
2015,10,14,57.75,56,4,2015-10-14,2018-10-14
2015,10,15,25.1666666666667,25.5,6,2015-10-15,2018-10-15
2015,10,16,35.6666666666667,36.5,6,2015-10-16,2018-10-16
2015,10,17,31.6666666666667,35.5,6,2015-10-17,2018-10-17
2015,10,18,38.1666666666667,37.5,6,2015-10-18,2018-10-18
2015,10,19,38,37,6,2015-10-19,2018-10-19
2015,10,20,34,35.5,6,2015-10-20,2018-10-20
2015,10,21,44.8333333333333,43.5,6,2015-10-21,2018-10-21
2015,10,22,72.6666666666667,66.5,6,2015-10-22,2018-10-22
2015,10,23,41,40,6,2015-10-23,2018-10-23
2015,10,24,41.5,42,6,2015-10-24,2018-10-24
2015,10,25,43.3333333333333,39,6,2015-10-25,2018-10-25
2015,10,26,45.6666666666667,43.5,6,2015-10-26,2018-10-26
2015,10,27,69.1666666666667,76,6,2015-10-27,2018-10-27
2015,10,28,58,56.5,6,2015-10-28,2018-10-28
2015,10,29,35.6666666666667,32.5,6,2015-10-29,2018-10-29
2015,10,30,31.1666666666667,32,6,2015-10-30,2018-10-30
2015,10,31,24,24,6,2015-10-31,2018-10-31
2015,11,1,43.5,28,6,2015-11-01,2018-11-01
2015,11,2,114.833333333333,111.5,6,2015-11-02,2018-11-02
2015,11,3,83.5,61.5,6,2015-11-03,2018-11-03
2015,11,4,33.5,34,6,2015-11-04,2018-11-04
2015,11,5,37.8,38,5,2015-11-05,2018-11-05
2015,11,6,22,24,5,2015-11-06,2018-11-06
2015,11,7,51.4,24,5,2015-11-07,2018-11-07
2015,11,8,60,49,3,2015-11-08,2018-11-08
2015,11,9,86.8,94,5,2015-11-09,2018-11-09
2015,11,10,58.8,59,5,2015-11-10,2018-11-10
2015,11,11,35.4,32,5,2015-11-11,2018-11-11
2015,11,12,59,59,1,2015-11-12,2018-11-12
2015,11,13,51,51,1,2015-11-13,2018-11-13
2015,11,14,125.666666666667,125,6,2015-11-14,2018-11-14
2015,11,15,95.3333333333333,83,6,2015-11-15,2018-11-15
2015,11,16,73,59.5,6,2015-11-16,2018-11-16
2015,11,17,28,25.5,6,2015-11-17,2018-11-17
2015,11,18,31.6666666666667,33.5,6,2015-11-18,2018-11-18
2015,11,19,33.8,32,5,2015-11-19,2018-11-19
2015,11,20,46.6666666666667,44.5,6,2015-11-20,2018-11-20
2015,11,21,24.6666666666667,19,6,2015-11-21,2018-11-21
2015,11,22,33,33.5,6,2015-11-22,2018-11-22
2015,11,23,33.3333333333333,29,6,2015-11-23,2018-11-23
2015,11,24,24.8333333333333,27,6,2015-11-24,2018-11-24
2015,11,25,39.6666666666667,34,6,2015-11-25,2018-11-25
2015,11,26,58.1666666666667,58,6,2015-11-26,2018-11-26
2015,11,27,48.1666666666667,43.5,6,2015-11-27,2018-11-27
2015,11,28,64,70,6,2015-11-28,2018-11-28
2015,11,29,71.8333333333333,72,6,2015-11-29,2018-11-29
2015,11,30,113.833333333333,117,6,2015-11-30,2018-11-30
2015,12,1,49.8333333333333,42.5,6,2015-12-01,2018-12-01
2015,12,2,77.3333333333333,72,6,2015-12-02,2018-12-02
2015,12,3,50,45,6,2015-12-03,2018-12-03
2015,12,4,53.5,49,6,2015-12-04,2018-12-04
2015,12,5,63.5,67,6,2015-12-05,2018-12-05
2015,12,6,108.333333333333,116.5,6,2015-12-06,2018-12-06
2015,12,7,72.8333333333333,49,6,2015-12-07,2018-12-07
2015,12,8,34,34.5,6,2015-12-08,2018-12-08
2015,12,9,35.6666666666667,37,6,2015-12-09,2018-12-09
2015,12,10,41.3333333333333,40,6,2015-12-10,2018-12-10
2015,12,11,81.8333333333333,66,6,2015-12-11,2018-12-11
2015,12,12,51.8333333333333,51,6,2015-12-12,2018-12-12
2015,12,13,64.8333333333333,67.5,6,2015-12-13,2018-12-13
2015,12,14,151.4,121,5,2015-12-14,2018-12-14
2015,12,15,213.333333333333,200,6,2015-12-15,2018-12-15
2015,12,16,57.6666666666667,47.5,6,2015-12-16,2018-12-16
2015,12,17,44.8333333333333,47,6,2015-12-17,2018-12-17
2015,12,18,52.6666666666667,53,6,2015-12-18,2018-12-18
2015,12,19,36,37,6,2015-12-19,2018-12-19
2015,12,20,53.8333333333333,45.5,6,2015-12-20,2018-12-20
2015,12,21,138.833333333333,140,6,2015-12-21,2018-12-21
2015,12,22,90.1666666666667,84,6,2015-12-22,2018-12-22
2015,12,23,220,239,5,2015-12-23,2018-12-23
2015,12,24,78.6666666666667,62,3,2015-12-24,2018-12-24
2015,12,25,173.8,177,5,2015-12-25,2018-12-25
2015,12,26,72.8,65,5,2015-12-26,2018-12-26
2015,12,27,60.5,60,6,2015-12-27,2018-12-27
2015,12,28,44.6666666666667,47,6,2015-12-28,2018-12-28
2015,12,29,57.8333333333333,61.5,6,2015-12-29,2018-12-29
2015,12,30,104.166666666667,108.5,6,2015-12-30,2018-12-30
2015,12,31,127.5,101,6,2015-12-31,2018-12-31
